,Movie_Names,Ratings,Released_Year,Movie_Link,Votes,Metascore,Userreviews,Criticreviews
0,The Shawshank Redemption,9.2,1994,https://www.imdb.com/title/tt0111161/?pf_rd_m=A2FGELUUNOQJNL&pf_rd_p=1a264172-ae11-42e4-8ef7-7fed1973bb8f&pf_rd_r=FG8NNRWKE00BTF5EYYMY&pf_rd_s=center-1&pf_rd_t=15506&pf_rd_i=top&ref_=chttp_tt_1,"<div class=""sc-bde20123-3 bjjENQ"">2.8M</div>",82,10.9K,173
1,The Godfather,9.2,1972,https://www.imdb.com/title/tt0068646/?pf_rd_m=A2FGELUUNOQJNL&pf_rd_p=1a264172-ae11-42e4-8ef7-7fed1973bb8f&pf_rd_r=FG8NNRWKE00BTF5EYYMY&pf_rd_s=center-1&pf_rd_t=15506&pf_rd_i=top&ref_=chttp_tt_2,"<div class=""sc-bde20123-3 bjjENQ"">1.9M</div>",100,5.4K,203
2,The Dark Knight,9.0,2008,https://www.imdb.com/title/tt0468569/?pf_rd_m=A2FGELUUNOQJNL&pf_rd_p=1a264172-ae11-42e4-8ef7-7fed1973bb8f&pf_rd_r=FG8NNRWKE00BTF5EYYMY&pf_rd_s=center-1&pf_rd_t=15506&pf_rd_i=top&ref_=chttp_tt_3,"<div class=""sc-bde20123-3 bjjENQ"">2.7M</div>",84,8.5K,448
3,The Godfather Part II,9.0,1974,https://www.imdb.com/title/tt0071562/?pf_rd_m=A2FGELUUNOQJNL&pf_rd_p=1a264172-ae11-42e4-8ef7-7fed1973bb8f&pf_rd_r=FG8NNRWKE00BTF5EYYMY&pf_rd_s=center-1&pf_rd_t=15506&pf_rd_i=top&ref_=chttp_tt_4,"<div class=""sc-bde20123-3 bjjENQ"">1.3M</div>",90,1.3K,136
4,12 Angry Men,9.0,1957,https://www.imdb.com/title/tt0050083/?pf_rd_m=A2FGELUUNOQJNL&pf_rd_p=1a264172-ae11-42e4-8ef7-7fed1973bb8f&pf_rd_r=FG8NNRWKE00BTF5EYYMY&pf_rd_s=center-1&pf_rd_t=15506&pf_rd_i=top&ref_=chttp_tt_5,"<div class=""sc-bde20123-3 bjjENQ"">815K</div>",97,2K,165
5,Schindler's List,8.9,1993,https://www.imdb.com/title/tt0108052/?pf_rd_m=A2FGELUUNOQJNL&pf_rd_p=1a264172-ae11-42e4-8ef7-7fed1973bb8f&pf_rd_r=FG8NNRWKE00BTF5EYYMY&pf_rd_s=center-1&pf_rd_t=15506&pf_rd_i=top&ref_=chttp_tt_6,"<div class=""sc-bde20123-3 bjjENQ"">1.4M</div>",95,2.1K,181
6,The Lord of the Rings: The Return of the King,8.9,2003,https://www.imdb.com/title/tt0167260/?pf_rd_m=A2FGELUUNOQJNL&pf_rd_p=1a264172-ae11-42e4-8ef7-7fed1973bb8f&pf_rd_r=FG8NNRWKE00BTF5EYYMY&pf_rd_s=center-1&pf_rd_t=15506&pf_rd_i=top&ref_=chttp_tt_7,"<div class=""sc-bde20123-3 bjjENQ"">1.9M</div>",94,4.1K,349
7,Pulp Fiction,8.8,1994,https://www.imdb.com/title/tt0110912/?pf_rd_m=A2FGELUUNOQJNL&pf_rd_p=1a264172-ae11-42e4-8ef7-7fed1973bb8f&pf_rd_r=FG8NNRWKE00BTF5EYYMY&pf_rd_s=center-1&pf_rd_t=15506&pf_rd_i=top&ref_=chttp_tt_8,"<div class=""sc-bde20123-3 bjjENQ"">2.1M</div>",95,3.6K,310
8,The Lord of the Rings: The Fellowship of the Ring,8.8,2001,https://www.imdb.com/title/tt0120737/?pf_rd_m=A2FGELUUNOQJNL&pf_rd_p=1a264172-ae11-42e4-8ef7-7fed1973bb8f&pf_rd_r=FG8NNRWKE00BTF5EYYMY&pf_rd_s=center-1&pf_rd_t=15506&pf_rd_i=top&ref_=chttp_tt_9,"<div class=""sc-bde20123-3 bjjENQ"">1.9M</div>",92,5.7K,233
9," The Good, the Bad and the Ugly",8.8,1966,https://www.imdb.com/title/tt0060196/?pf_rd_m=A2FGELUUNOQJNL&pf_rd_p=1a264172-ae11-42e4-8ef7-7fed1973bb8f&pf_rd_r=FG8NNRWKE00BTF5EYYMY&pf_rd_s=center-1&pf_rd_t=15506&pf_rd_i=top&ref_=chttp_tt_10,"<div class=""sc-bde20123-3 bjjENQ"">779K</div>",90,1.3K,153
10, Spider-Man: Across the Spider-Verse,8.8,2023,https://www.imdb.com/title/tt9362722/?pf_rd_m=A2FGELUUNOQJNL&pf_rd_p=1a264172-ae11-42e4-8ef7-7fed1973bb8f&pf_rd_r=FG8NNRWKE00BTF5EYYMY&pf_rd_s=center-1&pf_rd_t=15506&pf_rd_i=top&ref_=chttp_tt_11,"<div class=""sc-bde20123-3 bjjENQ"">120K</div>",86,895,252
11, Forrest Gump,8.8,1994,https://www.imdb.com/title/tt0109830/?pf_rd_m=A2FGELUUNOQJNL&pf_rd_p=1a264172-ae11-42e4-8ef7-7fed1973bb8f&pf_rd_r=FG8NNRWKE00BTF5EYYMY&pf_rd_s=center-1&pf_rd_t=15506&pf_rd_i=top&ref_=chttp_tt_12,"<div class=""sc-bde20123-3 bjjENQ"">2.1M</div>",82,3K,186
12, Fight Club,8.7,1999,https://www.imdb.com/title/tt0137523/?pf_rd_m=A2FGELUUNOQJNL&pf_rd_p=1a264172-ae11-42e4-8ef7-7fed1973bb8f&pf_rd_r=FG8NNRWKE00BTF5EYYMY&pf_rd_s=center-1&pf_rd_t=15506&pf_rd_i=top&ref_=chttp_tt_13,"<div class=""sc-bde20123-3 bjjENQ"">2.2M</div>",66,4.4K,376
13, The Lord of the Rings: The Two Towers,8.7,2002,https://www.imdb.com/title/tt0167261/?pf_rd_m=A2FGELUUNOQJNL&pf_rd_p=1a264172-ae11-42e4-8ef7-7fed1973bb8f&pf_rd_r=FG8NNRWKE00BTF5EYYMY&pf_rd_s=center-1&pf_rd_t=15506&pf_rd_i=top&ref_=chttp_tt_14,"<div class=""sc-bde20123-3 bjjENQ"">1.7M</div>",87,2.7K,323
14, Inception,8.7,2010,https://www.imdb.com/title/tt1375666/?pf_rd_m=A2FGELUUNOQJNL&pf_rd_p=1a264172-ae11-42e4-8ef7-7fed1973bb8f&pf_rd_r=FG8NNRWKE00BTF5EYYMY&pf_rd_s=center-1&pf_rd_t=15506&pf_rd_i=top&ref_=chttp_tt_15,"<div class=""sc-bde20123-3 bjjENQ"">2.4M</div>",74,4.7K,482
15, Star Wars: Episode V - The Empire Strikes Back,8.7,1980,https://www.imdb.com/title/tt0080684/?pf_rd_m=A2FGELUUNOQJNL&pf_rd_p=1a264172-ae11-42e4-8ef7-7fed1973bb8f&pf_rd_r=FG8NNRWKE00BTF5EYYMY&pf_rd_s=center-1&pf_rd_t=15506&pf_rd_i=top&ref_=chttp_tt_16,"<div class=""sc-bde20123-3 bjjENQ"">1.3M</div>",82,1.4K,245
16, The Matrix,8.7,1999,https://www.imdb.com/title/tt0133093/?pf_rd_m=A2FGELUUNOQJNL&pf_rd_p=1a264172-ae11-42e4-8ef7-7fed1973bb8f&pf_rd_r=FG8NNRWKE00BTF5EYYMY&pf_rd_s=center-1&pf_rd_t=15506&pf_rd_i=top&ref_=chttp_tt_17,"<div class=""sc-bde20123-3 bjjENQ"">2M</div>",73,4.9K,256
17, Goodfellas,8.7,1990,https://www.imdb.com/title/tt0099685/?pf_rd_m=A2FGELUUNOQJNL&pf_rd_p=1a264172-ae11-42e4-8ef7-7fed1973bb8f&pf_rd_r=FG8NNRWKE00BTF5EYYMY&pf_rd_s=center-1&pf_rd_t=15506&pf_rd_i=top&ref_=chttp_tt_18,"<div class=""sc-bde20123-3 bjjENQ"">1.2M</div>",92,1.6K,166
18, One Flew Over the Cuckoo's Nest,8.6,1975,https://www.imdb.com/title/tt0073486/?pf_rd_m=A2FGELUUNOQJNL&pf_rd_p=1a264172-ae11-42e4-8ef7-7fed1973bb8f&pf_rd_r=FG8NNRWKE00BTF5EYYMY&pf_rd_s=center-1&pf_rd_t=15506&pf_rd_i=top&ref_=chttp_tt_19,"<div class=""sc-bde20123-3 bjjENQ"">1M</div>",84,1.1K,188
19, Se7en,8.6,1995,https://www.imdb.com/title/tt0114369/?pf_rd_m=A2FGELUUNOQJNL&pf_rd_p=1a264172-ae11-42e4-8ef7-7fed1973bb8f&pf_rd_r=FG8NNRWKE00BTF5EYYMY&pf_rd_s=center-1&pf_rd_t=15506&pf_rd_i=top&ref_=chttp_tt_20,"<div class=""sc-bde20123-3 bjjENQ"">1.7M</div>",65,1.8K,186
20, It's a Wonderful Life,8.6,1946,https://www.imdb.com/title/tt0038650/?pf_rd_m=A2FGELUUNOQJNL&pf_rd_p=1a264172-ae11-42e4-8ef7-7fed1973bb8f&pf_rd_r=FG8NNRWKE00BTF5EYYMY&pf_rd_s=center-1&pf_rd_t=15506&pf_rd_i=top&ref_=chttp_tt_21,"<div class=""sc-bde20123-3 bjjENQ"">473K</div>",89,1.2K,205
21, Seven Samurai,8.6,1954,https://www.imdb.com/title/tt0047478/?pf_rd_m=A2FGELUUNOQJNL&pf_rd_p=1a264172-ae11-42e4-8ef7-7fed1973bb8f&pf_rd_r=FG8NNRWKE00BTF5EYYMY&pf_rd_s=center-1&pf_rd_t=15506&pf_rd_i=top&ref_=chttp_tt_22,"<div class=""sc-bde20123-3 bjjENQ"">353K</div>",98,829,135
22, The Silence of the Lambs,8.6,1991,https://www.imdb.com/title/tt0102926/?pf_rd_m=A2FGELUUNOQJNL&pf_rd_p=1a264172-ae11-42e4-8ef7-7fed1973bb8f&pf_rd_r=FG8NNRWKE00BTF5EYYMY&pf_rd_s=center-1&pf_rd_t=15506&pf_rd_i=top&ref_=chttp_tt_23,"<div class=""sc-bde20123-3 bjjENQ"">1.5M</div>",86,1.6K,254
23, Saving Private Ryan,8.6,1998,https://www.imdb.com/title/tt0120815/?pf_rd_m=A2FGELUUNOQJNL&pf_rd_p=1a264172-ae11-42e4-8ef7-7fed1973bb8f&pf_rd_r=FG8NNRWKE00BTF5EYYMY&pf_rd_s=center-1&pf_rd_t=15506&pf_rd_i=top&ref_=chttp_tt_24,"<div class=""sc-bde20123-3 bjjENQ"">1.4M</div>",91,2.9K,164
24, City of God,8.6,2002,https://www.imdb.com/title/tt0317248/?pf_rd_m=A2FGELUUNOQJNL&pf_rd_p=1a264172-ae11-42e4-8ef7-7fed1973bb8f&pf_rd_r=FG8NNRWKE00BTF5EYYMY&pf_rd_s=center-1&pf_rd_t=15506&pf_rd_i=top&ref_=chttp_tt_25,"<div class=""sc-bde20123-3 bjjENQ"">772K</div>",79,1.1K,216
25, Interstellar,8.6,2014,https://www.imdb.com/title/tt0816692/?pf_rd_m=A2FGELUUNOQJNL&pf_rd_p=1a264172-ae11-42e4-8ef7-7fed1973bb8f&pf_rd_r=FG8NNRWKE00BTF5EYYMY&pf_rd_s=center-1&pf_rd_t=15506&pf_rd_i=top&ref_=chttp_tt_26,"<div class=""sc-bde20123-3 bjjENQ"">1.9M</div>",74,5.3K,640
26, Life Is Beautiful,8.6,1997,https://www.imdb.com/title/tt0118799/?pf_rd_m=A2FGELUUNOQJNL&pf_rd_p=1a264172-ae11-42e4-8ef7-7fed1973bb8f&pf_rd_r=FG8NNRWKE00BTF5EYYMY&pf_rd_s=center-1&pf_rd_t=15506&pf_rd_i=top&ref_=chttp_tt_27,"<div class=""sc-bde20123-3 bjjENQ"">712K</div>",59,1.4K,138
27, The Green Mile,8.6,1999,https://www.imdb.com/title/tt0120689/?pf_rd_m=A2FGELUUNOQJNL&pf_rd_p=1a264172-ae11-42e4-8ef7-7fed1973bb8f&pf_rd_r=FG8NNRWKE00BTF5EYYMY&pf_rd_s=center-1&pf_rd_t=15506&pf_rd_i=top&ref_=chttp_tt_28,"<div class=""sc-bde20123-3 bjjENQ"">1.3M</div>",61,2.1K,215
28, Star Wars: Episode IV - A New Hope,8.5,1977,https://www.imdb.com/title/tt0076759/?pf_rd_m=A2FGELUUNOQJNL&pf_rd_p=1a264172-ae11-42e4-8ef7-7fed1973bb8f&pf_rd_r=FG8NNRWKE00BTF5EYYMY&pf_rd_s=center-1&pf_rd_t=15506&pf_rd_i=top&ref_=chttp_tt_29,"<div class=""sc-bde20123-3 bjjENQ"">1.4M</div>",90,2.1K,188
29, Terminator 2: Judgment Day,8.5,1991,https://www.imdb.com/title/tt0103064/?pf_rd_m=A2FGELUUNOQJNL&pf_rd_p=1a264172-ae11-42e4-8ef7-7fed1973bb8f&pf_rd_r=FG8NNRWKE00BTF5EYYMY&pf_rd_s=center-1&pf_rd_t=15506&pf_rd_i=top&ref_=chttp_tt_30,"<div class=""sc-bde20123-3 bjjENQ"">1.1M</div>",75,1.5K,303
30, Back to the Future,8.5,1985,https://www.imdb.com/title/tt0088763/?pf_rd_m=A2FGELUUNOQJNL&pf_rd_p=1a264172-ae11-42e4-8ef7-7fed1973bb8f&pf_rd_r=FG8NNRWKE00BTF5EYYMY&pf_rd_s=center-1&pf_rd_t=15506&pf_rd_i=top&ref_=chttp_tt_31,"<div class=""sc-bde20123-3 bjjENQ"">1.2M</div>",87,1.4K,268
31, Spirited Away,8.5,2001,https://www.imdb.com/title/tt0245429/?pf_rd_m=A2FGELUUNOQJNL&pf_rd_p=1a264172-ae11-42e4-8ef7-7fed1973bb8f&pf_rd_r=FG8NNRWKE00BTF5EYYMY&pf_rd_s=center-1&pf_rd_t=15506&pf_rd_i=top&ref_=chttp_tt_32,"<div class=""sc-bde20123-3 bjjENQ"">792K</div>",96,1.6K,220
32, The Pianist,8.5,2002,https://www.imdb.com/title/tt0253474/?pf_rd_m=A2FGELUUNOQJNL&pf_rd_p=1a264172-ae11-42e4-8ef7-7fed1973bb8f&pf_rd_r=FG8NNRWKE00BTF5EYYMY&pf_rd_s=center-1&pf_rd_t=15506&pf_rd_i=top&ref_=chttp_tt_33,"<div class=""sc-bde20123-3 bjjENQ"">858K</div>",85,1K,146
33, Psycho,8.5,1960,https://www.imdb.com/title/tt0054215/?pf_rd_m=A2FGELUUNOQJNL&pf_rd_p=1a264172-ae11-42e4-8ef7-7fed1973bb8f&pf_rd_r=FG8NNRWKE00BTF5EYYMY&pf_rd_s=center-1&pf_rd_t=15506&pf_rd_i=top&ref_=chttp_tt_34,"<div class=""sc-bde20123-3 bjjENQ"">689K</div>",97,1.5K,242
34, Parasite,8.5,2019,https://www.imdb.com/title/tt6751668/?pf_rd_m=A2FGELUUNOQJNL&pf_rd_p=1a264172-ae11-42e4-8ef7-7fed1973bb8f&pf_rd_r=FG8NNRWKE00BTF5EYYMY&pf_rd_s=center-1&pf_rd_t=15506&pf_rd_i=top&ref_=chttp_tt_35,"<div class=""sc-bde20123-3 bjjENQ"">859K</div>",96,3.5K,612
35, Léon: The Professional,8.5,1994,https://www.imdb.com/title/tt0110413/?pf_rd_m=A2FGELUUNOQJNL&pf_rd_p=1a264172-ae11-42e4-8ef7-7fed1973bb8f&pf_rd_r=FG8NNRWKE00BTF5EYYMY&pf_rd_s=center-1&pf_rd_t=15506&pf_rd_i=top&ref_=chttp_tt_36,"<div class=""sc-bde20123-3 bjjENQ"">1.2M</div>",64,1.4K,133
36, The Lion King,8.5,1994,https://www.imdb.com/title/tt0110357/?pf_rd_m=A2FGELUUNOQJNL&pf_rd_p=1a264172-ae11-42e4-8ef7-7fed1973bb8f&pf_rd_r=FG8NNRWKE00BTF5EYYMY&pf_rd_s=center-1&pf_rd_t=15506&pf_rd_i=top&ref_=chttp_tt_37,"<div class=""sc-bde20123-3 bjjENQ"">1.1M</div>",88,1.2K,231
37, Gladiator,8.5,2000,https://www.imdb.com/title/tt0172495/?pf_rd_m=A2FGELUUNOQJNL&pf_rd_p=1a264172-ae11-42e4-8ef7-7fed1973bb8f&pf_rd_r=FG8NNRWKE00BTF5EYYMY&pf_rd_s=center-1&pf_rd_t=15506&pf_rd_i=top&ref_=chttp_tt_38,"<div class=""sc-bde20123-3 bjjENQ"">1.5M</div>",67,2.9K,228
38, American History X,8.5,1998,https://www.imdb.com/title/tt0120586/?pf_rd_m=A2FGELUUNOQJNL&pf_rd_p=1a264172-ae11-42e4-8ef7-7fed1973bb8f&pf_rd_r=FG8NNRWKE00BTF5EYYMY&pf_rd_s=center-1&pf_rd_t=15506&pf_rd_i=top&ref_=chttp_tt_39,"<div class=""sc-bde20123-3 bjjENQ"">1.1M</div>",62,1.7K,125
39, The Departed,8.5,2006,https://www.imdb.com/title/tt0407887/?pf_rd_m=A2FGELUUNOQJNL&pf_rd_p=1a264172-ae11-42e4-8ef7-7fed1973bb8f&pf_rd_r=FG8NNRWKE00BTF5EYYMY&pf_rd_s=center-1&pf_rd_t=15506&pf_rd_i=top&ref_=chttp_tt_40,"<div class=""sc-bde20123-3 bjjENQ"">1.4M</div>",85,2.5K,301
40, Whiplash,8.5,2014,https://www.imdb.com/title/tt2582802/?pf_rd_m=A2FGELUUNOQJNL&pf_rd_p=1a264172-ae11-42e4-8ef7-7fed1973bb8f&pf_rd_r=FG8NNRWKE00BTF5EYYMY&pf_rd_s=center-1&pf_rd_t=15506&pf_rd_i=top&ref_=chttp_tt_41,"<div class=""sc-bde20123-3 bjjENQ"">908K</div>",89,1.6K,598
41, The Prestige,8.5,2006,https://www.imdb.com/title/tt0482571/?pf_rd_m=A2FGELUUNOQJNL&pf_rd_p=1a264172-ae11-42e4-8ef7-7fed1973bb8f&pf_rd_r=FG8NNRWKE00BTF5EYYMY&pf_rd_s=center-1&pf_rd_t=15506&pf_rd_i=top&ref_=chttp_tt_42,"<div class=""sc-bde20123-3 bjjENQ"">1.4M</div>",66,1.7K,369
42, The Usual Suspects,8.5,1995,https://www.imdb.com/title/tt0114814/?pf_rd_m=A2FGELUUNOQJNL&pf_rd_p=1a264172-ae11-42e4-8ef7-7fed1973bb8f&pf_rd_r=FG8NNRWKE00BTF5EYYMY&pf_rd_s=center-1&pf_rd_t=15506&pf_rd_i=top&ref_=chttp_tt_43,"<div class=""sc-bde20123-3 bjjENQ"">1.1M</div>",77,1.5K,151
43, Casablanca,8.5,1942,https://www.imdb.com/title/tt0034583/?pf_rd_m=A2FGELUUNOQJNL&pf_rd_p=1a264172-ae11-42e4-8ef7-7fed1973bb8f&pf_rd_r=FG8NNRWKE00BTF5EYYMY&pf_rd_s=center-1&pf_rd_t=15506&pf_rd_i=top&ref_=chttp_tt_44,"<div class=""sc-bde20123-3 bjjENQ"">585K</div>",100,1.5K,233
44, Grave of the Fireflies,8.5,1988,https://www.imdb.com/title/tt0095327/?pf_rd_m=A2FGELUUNOQJNL&pf_rd_p=1a264172-ae11-42e4-8ef7-7fed1973bb8f&pf_rd_r=FG8NNRWKE00BTF5EYYMY&pf_rd_s=center-1&pf_rd_t=15506&pf_rd_i=top&ref_=chttp_tt_45,"<div class=""sc-bde20123-3 bjjENQ"">288K</div>",94,958,142
45, Harakiri,8.5,1962,https://www.imdb.com/title/tt0056058/?pf_rd_m=A2FGELUUNOQJNL&pf_rd_p=1a264172-ae11-42e4-8ef7-7fed1973bb8f&pf_rd_r=FG8NNRWKE00BTF5EYYMY&pf_rd_s=center-1&pf_rd_t=15506&pf_rd_i=top&ref_=chttp_tt_46,"<div class=""sc-bde20123-3 bjjENQ"">61K</div>",85,306,82
46, The Intouchables,8.5,2011,https://www.imdb.com/title/tt1675434/?pf_rd_m=A2FGELUUNOQJNL&pf_rd_p=1a264172-ae11-42e4-8ef7-7fed1973bb8f&pf_rd_r=FG8NNRWKE00BTF5EYYMY&pf_rd_s=center-1&pf_rd_t=15506&pf_rd_i=top&ref_=chttp_tt_47,"<div class=""sc-bde20123-3 bjjENQ"">883K</div>",57,825,327
47, Modern Times,8.4,1936,https://www.imdb.com/title/tt0027977/?pf_rd_m=A2FGELUUNOQJNL&pf_rd_p=1a264172-ae11-42e4-8ef7-7fed1973bb8f&pf_rd_r=FG8NNRWKE00BTF5EYYMY&pf_rd_s=center-1&pf_rd_t=15506&pf_rd_i=top&ref_=chttp_tt_48,"<div class=""sc-bde20123-3 bjjENQ"">249K</div>",96,360,129
48, Once Upon a Time in the West,8.4,1968,https://www.imdb.com/title/tt0064116/?pf_rd_m=A2FGELUUNOQJNL&pf_rd_p=1a264172-ae11-42e4-8ef7-7fed1973bb8f&pf_rd_r=FG8NNRWKE00BTF5EYYMY&pf_rd_s=center-1&pf_rd_t=15506&pf_rd_i=top&ref_=chttp_tt_49,"<div class=""sc-bde20123-3 bjjENQ"">338K</div>",82,836,156
49, Cinema Paradiso,8.4,1988,https://www.imdb.com/title/tt0095765/?pf_rd_m=A2FGELUUNOQJNL&pf_rd_p=1a264172-ae11-42e4-8ef7-7fed1973bb8f&pf_rd_r=FG8NNRWKE00BTF5EYYMY&pf_rd_s=center-1&pf_rd_t=15506&pf_rd_i=top&ref_=chttp_tt_50,"<div class=""sc-bde20123-3 bjjENQ"">269K</div>",80,615,124
50, Rear Window,8.4,1954,https://www.imdb.com/title/tt0047396/?pf_rd_m=A2FGELUUNOQJNL&pf_rd_p=1a264172-ae11-42e4-8ef7-7fed1973bb8f&pf_rd_r=FG8NNRWKE00BTF5EYYMY&pf_rd_s=center-1&pf_rd_t=15506&pf_rd_i=top&ref_=chttp_tt_51,"<div class=""sc-bde20123-3 bjjENQ"">503K</div>",100,997,189
51, Alien,8.4,1979,https://www.imdb.com/title/tt0078748/?pf_rd_m=A2FGELUUNOQJNL&pf_rd_p=1a264172-ae11-42e4-8ef7-7fed1973bb8f&pf_rd_r=FG8NNRWKE00BTF5EYYMY&pf_rd_s=center-1&pf_rd_t=15506&pf_rd_i=top&ref_=chttp_tt_52,"<div class=""sc-bde20123-3 bjjENQ"">905K</div>",89,1.7K,297
52, City Lights,8.4,1931,https://www.imdb.com/title/tt0021749/?pf_rd_m=A2FGELUUNOQJNL&pf_rd_p=1a264172-ae11-42e4-8ef7-7fed1973bb8f&pf_rd_r=FG8NNRWKE00BTF5EYYMY&pf_rd_s=center-1&pf_rd_t=15506&pf_rd_i=top&ref_=chttp_tt_53,"<div class=""sc-bde20123-3 bjjENQ"">189K</div>",99,358,133
53, Apocalypse Now,8.4,1979,https://www.imdb.com/title/tt0078788/?pf_rd_m=A2FGELUUNOQJNL&pf_rd_p=1a264172-ae11-42e4-8ef7-7fed1973bb8f&pf_rd_r=FG8NNRWKE00BTF5EYYMY&pf_rd_s=center-1&pf_rd_t=15506&pf_rd_i=top&ref_=chttp_tt_54,"<div class=""sc-bde20123-3 bjjENQ"">683K</div>",94,1.4K,306
54, Memento,8.4,2000,https://www.imdb.com/title/tt0209144/?pf_rd_m=A2FGELUUNOQJNL&pf_rd_p=1a264172-ae11-42e4-8ef7-7fed1973bb8f&pf_rd_r=FG8NNRWKE00BTF5EYYMY&pf_rd_s=center-1&pf_rd_t=15506&pf_rd_i=top&ref_=chttp_tt_55,"<div class=""sc-bde20123-3 bjjENQ"">1.3M</div>",81,2.4K,235
55, Django Unchained,8.4,2012,https://www.imdb.com/title/tt1853728/?pf_rd_m=A2FGELUUNOQJNL&pf_rd_p=1a264172-ae11-42e4-8ef7-7fed1973bb8f&pf_rd_r=FG8NNRWKE00BTF5EYYMY&pf_rd_s=center-1&pf_rd_t=15506&pf_rd_i=top&ref_=chttp_tt_56,"<div class=""sc-bde20123-3 bjjENQ"">1.6M</div>",81,1.8K,663
56, Indiana Jones and the Raiders of the Lost Ark,8.4,1981,https://www.imdb.com/title/tt0082971/?pf_rd_m=A2FGELUUNOQJNL&pf_rd_p=1a264172-ae11-42e4-8ef7-7fed1973bb8f&pf_rd_r=FG8NNRWKE00BTF5EYYMY&pf_rd_s=center-1&pf_rd_t=15506&pf_rd_i=top&ref_=chttp_tt_57,"<div class=""sc-bde20123-3 bjjENQ"">990K</div>",85,1.1K,288
57, WALL·E,8.4,2008,https://www.imdb.com/title/tt0910970/?pf_rd_m=A2FGELUUNOQJNL&pf_rd_p=1a264172-ae11-42e4-8ef7-7fed1973bb8f&pf_rd_r=FG8NNRWKE00BTF5EYYMY&pf_rd_s=center-1&pf_rd_t=15506&pf_rd_i=top&ref_=chttp_tt_58,"<div class=""sc-bde20123-3 bjjENQ"">1.1M</div>",95,1.5K,235
58, The Lives of Others,8.4,2006,https://www.imdb.com/title/tt0405094/?pf_rd_m=A2FGELUUNOQJNL&pf_rd_p=1a264172-ae11-42e4-8ef7-7fed1973bb8f&pf_rd_r=FG8NNRWKE00BTF5EYYMY&pf_rd_s=center-1&pf_rd_t=15506&pf_rd_i=top&ref_=chttp_tt_59,"<div class=""sc-bde20123-3 bjjENQ"">397K</div>",89,580,228
59, Sunset Blvd.,8.4,1950,https://www.imdb.com/title/tt0043014/?pf_rd_m=A2FGELUUNOQJNL&pf_rd_p=1a264172-ae11-42e4-8ef7-7fed1973bb8f&pf_rd_r=FG8NNRWKE00BTF5EYYMY&pf_rd_s=center-1&pf_rd_t=15506&pf_rd_i=top&ref_=chttp_tt_60,"<div class=""sc-bde20123-3 bjjENQ"">227K</div>",94,718,197
60, Paths of Glory,8.4,1957,https://www.imdb.com/title/tt0050825/?pf_rd_m=A2FGELUUNOQJNL&pf_rd_p=1a264172-ae11-42e4-8ef7-7fed1973bb8f&pf_rd_r=FG8NNRWKE00BTF5EYYMY&pf_rd_s=center-1&pf_rd_t=15506&pf_rd_i=top&ref_=chttp_tt_61,"<div class=""sc-bde20123-3 bjjENQ"">203K</div>",90,512,178
61, Avengers: Infinity War,8.4,2018,https://www.imdb.com/title/tt4154756/?pf_rd_m=A2FGELUUNOQJNL&pf_rd_p=1a264172-ae11-42e4-8ef7-7fed1973bb8f&pf_rd_r=FG8NNRWKE00BTF5EYYMY&pf_rd_s=center-1&pf_rd_t=15506&pf_rd_i=top&ref_=chttp_tt_62,"<div class=""sc-bde20123-3 bjjENQ"">1.1M</div>",68,4.5K,522
62, The Shining,8.4,1980,https://www.imdb.com/title/tt0081505/?pf_rd_m=A2FGELUUNOQJNL&pf_rd_p=1a264172-ae11-42e4-8ef7-7fed1973bb8f&pf_rd_r=FG8NNRWKE00BTF5EYYMY&pf_rd_s=center-1&pf_rd_t=15506&pf_rd_i=top&ref_=chttp_tt_63,"<div class=""sc-bde20123-3 bjjENQ"">1.1M</div>",66,2.1K,369
63, The Great Dictator,8.4,1940,https://www.imdb.com/title/tt0032553/?pf_rd_m=A2FGELUUNOQJNL&pf_rd_p=1a264172-ae11-42e4-8ef7-7fed1973bb8f&pf_rd_r=FG8NNRWKE00BTF5EYYMY&pf_rd_s=center-1&pf_rd_t=15506&pf_rd_i=top&ref_=chttp_tt_64,"<div class=""sc-bde20123-3 bjjENQ"">229K</div>",0,328,118
64, Witness for the Prosecution,8.4,1957,https://www.imdb.com/title/tt0051201/?pf_rd_m=A2FGELUUNOQJNL&pf_rd_p=1a264172-ae11-42e4-8ef7-7fed1973bb8f&pf_rd_r=FG8NNRWKE00BTF5EYYMY&pf_rd_s=center-1&pf_rd_t=15506&pf_rd_i=top&ref_=chttp_tt_65,"<div class=""sc-bde20123-3 bjjENQ"">130K</div>",76,348,99
65, Spider-Man: Into the Spider-Verse,8.4,2018,https://www.imdb.com/title/tt4633694/?pf_rd_m=A2FGELUUNOQJNL&pf_rd_p=1a264172-ae11-42e4-8ef7-7fed1973bb8f&pf_rd_r=FG8NNRWKE00BTF5EYYMY&pf_rd_s=center-1&pf_rd_t=15506&pf_rd_i=top&ref_=chttp_tt_66,"<div class=""sc-bde20123-3 bjjENQ"">587K</div>",87,2.1K,434
66, Aliens,8.3,1986,https://www.imdb.com/title/tt0090605/?pf_rd_m=A2FGELUUNOQJNL&pf_rd_p=1a264172-ae11-42e4-8ef7-7fed1973bb8f&pf_rd_r=FG8NNRWKE00BTF5EYYMY&pf_rd_s=center-1&pf_rd_t=15506&pf_rd_i=top&ref_=chttp_tt_67,"<div class=""sc-bde20123-3 bjjENQ"">734K</div>",84,1.5K,219
67, American Beauty,8.3,1999,https://www.imdb.com/title/tt0169547/?pf_rd_m=A2FGELUUNOQJNL&pf_rd_p=1a264172-ae11-42e4-8ef7-7fed1973bb8f&pf_rd_r=FG8NNRWKE00BTF5EYYMY&pf_rd_s=center-1&pf_rd_t=15506&pf_rd_i=top&ref_=chttp_tt_68,"<div class=""sc-bde20123-3 bjjENQ"">1.2M</div>",84,3K,219
68, The Dark Knight Rises,8.3,2012,https://www.imdb.com/title/tt1345836/?pf_rd_m=A2FGELUUNOQJNL&pf_rd_p=1a264172-ae11-42e4-8ef7-7fed1973bb8f&pf_rd_r=FG8NNRWKE00BTF5EYYMY&pf_rd_s=center-1&pf_rd_t=15506&pf_rd_i=top&ref_=chttp_tt_69,"<div class=""sc-bde20123-3 bjjENQ"">1.7M</div>",78,3.7K,571
69, Dr. Strangelove or: How I Learned to Stop Worrying and Love the Bomb,8.3,1964,https://www.imdb.com/title/tt0057012/?pf_rd_m=A2FGELUUNOQJNL&pf_rd_p=1a264172-ae11-42e4-8ef7-7fed1973bb8f&pf_rd_r=FG8NNRWKE00BTF5EYYMY&pf_rd_s=center-1&pf_rd_t=15506&pf_rd_i=top&ref_=chttp_tt_70,"<div class=""sc-bde20123-3 bjjENQ"">501K</div>",97,1K,242
70, Inglourious Basterds,8.3,2009,https://www.imdb.com/title/tt0361748/?pf_rd_m=A2FGELUUNOQJNL&pf_rd_p=1a264172-ae11-42e4-8ef7-7fed1973bb8f&pf_rd_r=FG8NNRWKE00BTF5EYYMY&pf_rd_s=center-1&pf_rd_t=15506&pf_rd_i=top&ref_=chttp_tt_71,"<div class=""sc-bde20123-3 bjjENQ"">1.5M</div>",69,2.1K,406
71, Oldboy,8.3,2003,https://www.imdb.com/title/tt0364569/?pf_rd_m=A2FGELUUNOQJNL&pf_rd_p=1a264172-ae11-42e4-8ef7-7fed1973bb8f&pf_rd_r=FG8NNRWKE00BTF5EYYMY&pf_rd_s=center-1&pf_rd_t=15506&pf_rd_i=top&ref_=chttp_tt_72,"<div class=""sc-bde20123-3 bjjENQ"">598K</div>",77,1.1K,345
72, Coco,8.3,2017,https://www.imdb.com/title/tt2380307/?pf_rd_m=A2FGELUUNOQJNL&pf_rd_p=1a264172-ae11-42e4-8ef7-7fed1973bb8f&pf_rd_r=FG8NNRWKE00BTF5EYYMY&pf_rd_s=center-1&pf_rd_t=15506&pf_rd_i=top&ref_=chttp_tt_73,"<div class=""sc-bde20123-3 bjjENQ"">537K</div>",81,1.3K,422
73, Amadeus,8.3,1984,https://www.imdb.com/title/tt0086879/?pf_rd_m=A2FGELUUNOQJNL&pf_rd_p=1a264172-ae11-42e4-8ef7-7fed1973bb8f&pf_rd_r=FG8NNRWKE00BTF5EYYMY&pf_rd_s=center-1&pf_rd_t=15506&pf_rd_i=top&ref_=chttp_tt_74,"<div class=""sc-bde20123-3 bjjENQ"">410K</div>",88,726,129
74, Toy Story,8.3,1995,https://www.imdb.com/title/tt0114709/?pf_rd_m=A2FGELUUNOQJNL&pf_rd_p=1a264172-ae11-42e4-8ef7-7fed1973bb8f&pf_rd_r=FG8NNRWKE00BTF5EYYMY&pf_rd_s=center-1&pf_rd_t=15506&pf_rd_i=top&ref_=chttp_tt_75,"<div class=""sc-bde20123-3 bjjENQ"">1M</div>",96,768,165
75, Braveheart,8.3,1995,https://www.imdb.com/title/tt0112573/?pf_rd_m=A2FGELUUNOQJNL&pf_rd_p=1a264172-ae11-42e4-8ef7-7fed1973bb8f&pf_rd_r=FG8NNRWKE00BTF5EYYMY&pf_rd_s=center-1&pf_rd_t=15506&pf_rd_i=top&ref_=chttp_tt_76,"<div class=""sc-bde20123-3 bjjENQ"">1.1M</div>",68,1.4K,152
76, Das Boot,8.3,1981,https://www.imdb.com/title/tt0082096/?pf_rd_m=A2FGELUUNOQJNL&pf_rd_p=1a264172-ae11-42e4-8ef7-7fed1973bb8f&pf_rd_r=FG8NNRWKE00BTF5EYYMY&pf_rd_s=center-1&pf_rd_t=15506&pf_rd_i=top&ref_=chttp_tt_77,"<div class=""sc-bde20123-3 bjjENQ"">256K</div>",86,574,112
77, Joker,8.3,2019,https://www.imdb.com/title/tt7286456/?pf_rd_m=A2FGELUUNOQJNL&pf_rd_p=1a264172-ae11-42e4-8ef7-7fed1973bb8f&pf_rd_r=FG8NNRWKE00BTF5EYYMY&pf_rd_s=center-1&pf_rd_t=15506&pf_rd_i=top&ref_=chttp_tt_78,"<div class=""sc-bde20123-3 bjjENQ"">1.4M</div>",59,11.4K,708
78, Avengers: Endgame,8.3,2019,https://www.imdb.com/title/tt4154796/?pf_rd_m=A2FGELUUNOQJNL&pf_rd_p=1a264172-ae11-42e4-8ef7-7fed1973bb8f&pf_rd_r=FG8NNRWKE00BTF5EYYMY&pf_rd_s=center-1&pf_rd_t=15506&pf_rd_i=top&ref_=chttp_tt_79,"<div class=""sc-bde20123-3 bjjENQ"">1.2M</div>",78,9.5K,604
79, Princess Mononoke,8.3,1997,https://www.imdb.com/title/tt0119698/?pf_rd_m=A2FGELUUNOQJNL&pf_rd_p=1a264172-ae11-42e4-8ef7-7fed1973bb8f&pf_rd_r=FG8NNRWKE00BTF5EYYMY&pf_rd_s=center-1&pf_rd_t=15506&pf_rd_i=top&ref_=chttp_tt_80,"<div class=""sc-bde20123-3 bjjENQ"">408K</div>",76,801,136
80, Good Will Hunting,8.3,1997,https://www.imdb.com/title/tt0119217/?pf_rd_m=A2FGELUUNOQJNL&pf_rd_p=1a264172-ae11-42e4-8ef7-7fed1973bb8f&pf_rd_r=FG8NNRWKE00BTF5EYYMY&pf_rd_s=center-1&pf_rd_t=15506&pf_rd_i=top&ref_=chttp_tt_81,"<div class=""sc-bde20123-3 bjjENQ"">1M</div>",70,1K,166
81, Once Upon a Time in America,8.3,1984,https://www.imdb.com/title/tt0087843/?pf_rd_m=A2FGELUUNOQJNL&pf_rd_p=1a264172-ae11-42e4-8ef7-7fed1973bb8f&pf_rd_r=FG8NNRWKE00BTF5EYYMY&pf_rd_s=center-1&pf_rd_t=15506&pf_rd_i=top&ref_=chttp_tt_82,"<div class=""sc-bde20123-3 bjjENQ"">361K</div>",75,840,128
82, Your Name.,8.3,2016,https://www.imdb.com/title/tt5311514/?pf_rd_m=A2FGELUUNOQJNL&pf_rd_p=1a264172-ae11-42e4-8ef7-7fed1973bb8f&pf_rd_r=FG8NNRWKE00BTF5EYYMY&pf_rd_s=center-1&pf_rd_t=15506&pf_rd_i=top&ref_=chttp_tt_83,"<div class=""sc-bde20123-3 bjjENQ"">288K</div>",81,1K,249
83, 3 Idiots,8.3,2009,https://www.imdb.com/title/tt1187043/?pf_rd_m=A2FGELUUNOQJNL&pf_rd_p=1a264172-ae11-42e4-8ef7-7fed1973bb8f&pf_rd_r=FG8NNRWKE00BTF5EYYMY&pf_rd_s=center-1&pf_rd_t=15506&pf_rd_i=top&ref_=chttp_tt_84,"<div class=""sc-bde20123-3 bjjENQ"">412K</div>",67,965,57
84, Singin' in the Rain,8.3,1952,https://www.imdb.com/title/tt0045152/?pf_rd_m=A2FGELUUNOQJNL&pf_rd_p=1a264172-ae11-42e4-8ef7-7fed1973bb8f&pf_rd_r=FG8NNRWKE00BTF5EYYMY&pf_rd_s=center-1&pf_rd_t=15506&pf_rd_i=top&ref_=chttp_tt_85,"<div class=""sc-bde20123-3 bjjENQ"">249K</div>",99,796,182
85, High and Low,8.3,1963,https://www.imdb.com/title/tt0057565/?pf_rd_m=A2FGELUUNOQJNL&pf_rd_p=1a264172-ae11-42e4-8ef7-7fed1973bb8f&pf_rd_r=FG8NNRWKE00BTF5EYYMY&pf_rd_s=center-1&pf_rd_t=15506&pf_rd_i=top&ref_=chttp_tt_86,"<div class=""sc-bde20123-3 bjjENQ"">48K</div>",90,161,105
86, Requiem for a Dream,8.3,2000,https://www.imdb.com/title/tt0180093/?pf_rd_m=A2FGELUUNOQJNL&pf_rd_p=1a264172-ae11-42e4-8ef7-7fed1973bb8f&pf_rd_r=FG8NNRWKE00BTF5EYYMY&pf_rd_s=center-1&pf_rd_t=15506&pf_rd_i=top&ref_=chttp_tt_87,"<div class=""sc-bde20123-3 bjjENQ"">863K</div>",71,2.3K,187
87, Capernaum,8.3,2018,https://www.imdb.com/title/tt8267604/?pf_rd_m=A2FGELUUNOQJNL&pf_rd_p=1a264172-ae11-42e4-8ef7-7fed1973bb8f&pf_rd_r=FG8NNRWKE00BTF5EYYMY&pf_rd_s=center-1&pf_rd_t=15506&pf_rd_i=top&ref_=chttp_tt_88,"<div class=""sc-bde20123-3 bjjENQ"">96K</div>",75,480,197
88, Toy Story 3,8.3,2010,https://www.imdb.com/title/tt0435761/?pf_rd_m=A2FGELUUNOQJNL&pf_rd_p=1a264172-ae11-42e4-8ef7-7fed1973bb8f&pf_rd_r=FG8NNRWKE00BTF5EYYMY&pf_rd_s=center-1&pf_rd_t=15506&pf_rd_i=top&ref_=chttp_tt_89,"<div class=""sc-bde20123-3 bjjENQ"">857K</div>",92,987,470
89, Star Wars: Episode VI - Return of the Jedi,8.3,1983,https://www.imdb.com/title/tt0086190/?pf_rd_m=A2FGELUUNOQJNL&pf_rd_p=1a264172-ae11-42e4-8ef7-7fed1973bb8f&pf_rd_r=FG8NNRWKE00BTF5EYYMY&pf_rd_s=center-1&pf_rd_t=15506&pf_rd_i=top&ref_=chttp_tt_90,"<div class=""sc-bde20123-3 bjjENQ"">1.1M</div>",58,981,172
90, Come and See,8.3,1985,https://www.imdb.com/title/tt0091251/?pf_rd_m=A2FGELUUNOQJNL&pf_rd_p=1a264172-ae11-42e4-8ef7-7fed1973bb8f&pf_rd_r=FG8NNRWKE00BTF5EYYMY&pf_rd_s=center-1&pf_rd_t=15506&pf_rd_i=top&ref_=chttp_tt_91,"<div class=""sc-bde20123-3 bjjENQ"">86K</div>",0,650,128
91, Eternal Sunshine of the Spotless Mind,8.3,2004,https://www.imdb.com/title/tt0338013/?pf_rd_m=A2FGELUUNOQJNL&pf_rd_p=1a264172-ae11-42e4-8ef7-7fed1973bb8f&pf_rd_r=FG8NNRWKE00BTF5EYYMY&pf_rd_s=center-1&pf_rd_t=15506&pf_rd_i=top&ref_=chttp_tt_92,"<div class=""sc-bde20123-3 bjjENQ"">1M</div>",89,2K,305
92, 2001: A Space Odyssey,8.3,1968,https://www.imdb.com/title/tt0062622/?pf_rd_m=A2FGELUUNOQJNL&pf_rd_p=1a264172-ae11-42e4-8ef7-7fed1973bb8f&pf_rd_r=FG8NNRWKE00BTF5EYYMY&pf_rd_s=center-1&pf_rd_t=15506&pf_rd_i=top&ref_=chttp_tt_93,"<div class=""sc-bde20123-3 bjjENQ"">687K</div>",84,2.5K,269
93, The Hunt,8.3,2012,https://www.imdb.com/title/tt2106476/?pf_rd_m=A2FGELUUNOQJNL&pf_rd_p=1a264172-ae11-42e4-8ef7-7fed1973bb8f&pf_rd_r=FG8NNRWKE00BTF5EYYMY&pf_rd_s=center-1&pf_rd_t=15506&pf_rd_i=top&ref_=chttp_tt_94,"<div class=""sc-bde20123-3 bjjENQ"">342K</div>",77,557,384
94, Reservoir Dogs,8.3,1992,https://www.imdb.com/title/tt0105236/?pf_rd_m=A2FGELUUNOQJNL&pf_rd_p=1a264172-ae11-42e4-8ef7-7fed1973bb8f&pf_rd_r=FG8NNRWKE00BTF5EYYMY&pf_rd_s=center-1&pf_rd_t=15506&pf_rd_i=top&ref_=chttp_tt_95,"<div class=""sc-bde20123-3 bjjENQ"">1M</div>",81,1.3K,217
95, Lawrence of Arabia,8.2,1962,https://www.imdb.com/title/tt0056172/?pf_rd_m=A2FGELUUNOQJNL&pf_rd_p=1a264172-ae11-42e4-8ef7-7fed1973bb8f&pf_rd_r=FG8NNRWKE00BTF5EYYMY&pf_rd_s=center-1&pf_rd_t=15506&pf_rd_i=top&ref_=chttp_tt_96,"<div class=""sc-bde20123-3 bjjENQ"">302K</div>",100,764,172
96, Citizen Kane,8.2,1941,https://www.imdb.com/title/tt0033467/?pf_rd_m=A2FGELUUNOQJNL&pf_rd_p=1a264172-ae11-42e4-8ef7-7fed1973bb8f&pf_rd_r=FG8NNRWKE00BTF5EYYMY&pf_rd_s=center-1&pf_rd_t=15506&pf_rd_i=top&ref_=chttp_tt_97,"<div class=""sc-bde20123-3 bjjENQ"">451K</div>",100,1.6K,192
97, M,8.2,1931,https://www.imdb.com/title/tt0022100/?pf_rd_m=A2FGELUUNOQJNL&pf_rd_p=1a264172-ae11-42e4-8ef7-7fed1973bb8f&pf_rd_r=FG8NNRWKE00BTF5EYYMY&pf_rd_s=center-1&pf_rd_t=15506&pf_rd_i=top&ref_=chttp_tt_98,"<div class=""sc-bde20123-3 bjjENQ"">162K</div>",0,422,180
98, Ikiru,8.2,1952,https://www.imdb.com/title/tt0044741/?pf_rd_m=A2FGELUUNOQJNL&pf_rd_p=1a264172-ae11-42e4-8ef7-7fed1973bb8f&pf_rd_r=FG8NNRWKE00BTF5EYYMY&pf_rd_s=center-1&pf_rd_t=15506&pf_rd_i=top&ref_=chttp_tt_99,"<div class=""sc-bde20123-3 bjjENQ"">82K</div>",92,264,95
99,  North by Northwest,8.2,1959,https://www.imdb.com/title/tt0053125/?pf_rd_m=A2FGELUUNOQJNL&pf_rd_p=1a264172-ae11-42e4-8ef7-7fed1973bb8f&pf_rd_r=FG8NNRWKE00BTF5EYYMY&pf_rd_s=center-1&pf_rd_t=15506&pf_rd_i=top&ref_=chttp_tt_100,"<div class=""sc-bde20123-3 bjjENQ"">335K</div>",98,720,191
100,  The Apartment,8.2,1960,https://www.imdb.com/title/tt0053604/?pf_rd_m=A2FGELUUNOQJNL&pf_rd_p=1a264172-ae11-42e4-8ef7-7fed1973bb8f&pf_rd_r=FG8NNRWKE00BTF5EYYMY&pf_rd_s=center-1&pf_rd_t=15506&pf_rd_i=top&ref_=chttp_tt_101,"<div class=""sc-bde20123-3 bjjENQ"">187K</div>",94,418,242
101,  Vertigo,8.2,1958,https://www.imdb.com/title/tt0052357/?pf_rd_m=A2FGELUUNOQJNL&pf_rd_p=1a264172-ae11-42e4-8ef7-7fed1973bb8f&pf_rd_r=FG8NNRWKE00BTF5EYYMY&pf_rd_s=center-1&pf_rd_t=15506&pf_rd_i=top&ref_=chttp_tt_102,"<div class=""sc-bde20123-3 bjjENQ"">411K</div>",100,1K,192
102,  Amélie,8.2,2001,https://www.imdb.com/title/tt0211915/?pf_rd_m=A2FGELUUNOQJNL&pf_rd_p=1a264172-ae11-42e4-8ef7-7fed1973bb8f&pf_rd_r=FG8NNRWKE00BTF5EYYMY&pf_rd_s=center-1&pf_rd_t=15506&pf_rd_i=top&ref_=chttp_tt_103,"<div class=""sc-bde20123-3 bjjENQ"">771K</div>",69,1.5K,154
103,  Double Indemnity,8.2,1944,https://www.imdb.com/title/tt0036775/?pf_rd_m=A2FGELUUNOQJNL&pf_rd_p=1a264172-ae11-42e4-8ef7-7fed1973bb8f&pf_rd_r=FG8NNRWKE00BTF5EYYMY&pf_rd_s=center-1&pf_rd_t=15506&pf_rd_i=top&ref_=chttp_tt_104,"<div class=""sc-bde20123-3 bjjENQ"">161K</div>",95,465,178
104,  A Clockwork Orange,8.2,1971,https://www.imdb.com/title/tt0066921/?pf_rd_m=A2FGELUUNOQJNL&pf_rd_p=1a264172-ae11-42e4-8ef7-7fed1973bb8f&pf_rd_r=FG8NNRWKE00BTF5EYYMY&pf_rd_s=center-1&pf_rd_t=15506&pf_rd_i=top&ref_=chttp_tt_105,"<div class=""sc-bde20123-3 bjjENQ"">849K</div>",77,1.7K,170
105,  Full Metal Jacket,8.2,1987,https://www.imdb.com/title/tt0093058/?pf_rd_m=A2FGELUUNOQJNL&pf_rd_p=1a264172-ae11-42e4-8ef7-7fed1973bb8f&pf_rd_r=FG8NNRWKE00BTF5EYYMY&pf_rd_s=center-1&pf_rd_t=15506&pf_rd_i=top&ref_=chttp_tt_106,"<div class=""sc-bde20123-3 bjjENQ"">760K</div>",78,971,171
106,  Hamilton,8.2,2020,https://www.imdb.com/title/tt8503618/?pf_rd_m=A2FGELUUNOQJNL&pf_rd_p=1a264172-ae11-42e4-8ef7-7fed1973bb8f&pf_rd_r=FG8NNRWKE00BTF5EYYMY&pf_rd_s=center-1&pf_rd_t=15506&pf_rd_i=top&ref_=chttp_tt_107,"<div class=""sc-bde20123-3 bjjENQ"">102K</div>",89,736,107
107,  Scarface,8.2,1983,https://www.imdb.com/title/tt0086250/?pf_rd_m=A2FGELUUNOQJNL&pf_rd_p=1a264172-ae11-42e4-8ef7-7fed1973bb8f&pf_rd_r=FG8NNRWKE00BTF5EYYMY&pf_rd_s=center-1&pf_rd_t=15506&pf_rd_i=top&ref_=chttp_tt_108,"<div class=""sc-bde20123-3 bjjENQ"">868K</div>",65,1.2K,180
108,  Incendies,8.2,2010,https://www.imdb.com/title/tt1255953/?pf_rd_m=A2FGELUUNOQJNL&pf_rd_p=1a264172-ae11-42e4-8ef7-7fed1973bb8f&pf_rd_r=FG8NNRWKE00BTF5EYYMY&pf_rd_s=center-1&pf_rd_t=15506&pf_rd_i=top&ref_=chttp_tt_109,"<div class=""sc-bde20123-3 bjjENQ"">185K</div>",80,336,249
109,  Heat,8.2,1995,https://www.imdb.com/title/tt0113277/?pf_rd_m=A2FGELUUNOQJNL&pf_rd_p=1a264172-ae11-42e4-8ef7-7fed1973bb8f&pf_rd_r=FG8NNRWKE00BTF5EYYMY&pf_rd_s=center-1&pf_rd_t=15506&pf_rd_i=top&ref_=chttp_tt_110,"<div class=""sc-bde20123-3 bjjENQ"">679K</div>",76,1.3K,220
110,  Up,8.2,2009,https://www.imdb.com/title/tt1049413/?pf_rd_m=A2FGELUUNOQJNL&pf_rd_p=1a264172-ae11-42e4-8ef7-7fed1973bb8f&pf_rd_r=FG8NNRWKE00BTF5EYYMY&pf_rd_s=center-1&pf_rd_t=15506&pf_rd_i=top&ref_=chttp_tt_111,"<div class=""sc-bde20123-3 bjjENQ"">1.1M</div>",88,1K,410
111,  To Kill a Mockingbird,8.2,1962,https://www.imdb.com/title/tt0056592/?pf_rd_m=A2FGELUUNOQJNL&pf_rd_p=1a264172-ae11-42e4-8ef7-7fed1973bb8f&pf_rd_r=FG8NNRWKE00BTF5EYYMY&pf_rd_s=center-1&pf_rd_t=15506&pf_rd_i=top&ref_=chttp_tt_112,"<div class=""sc-bde20123-3 bjjENQ"">323K</div>",88,622,169
112,  The Sting,8.2,1973,https://www.imdb.com/title/tt0070735/?pf_rd_m=A2FGELUUNOQJNL&pf_rd_p=1a264172-ae11-42e4-8ef7-7fed1973bb8f&pf_rd_r=FG8NNRWKE00BTF5EYYMY&pf_rd_s=center-1&pf_rd_t=15506&pf_rd_i=top&ref_=chttp_tt_113,"<div class=""sc-bde20123-3 bjjENQ"">270K</div>",83,364,144
113,  A Separation,8.2,2011,https://www.imdb.com/title/tt1832382/?pf_rd_m=A2FGELUUNOQJNL&pf_rd_p=1a264172-ae11-42e4-8ef7-7fed1973bb8f&pf_rd_r=FG8NNRWKE00BTF5EYYMY&pf_rd_s=center-1&pf_rd_t=15506&pf_rd_i=top&ref_=chttp_tt_114,"<div class=""sc-bde20123-3 bjjENQ"">250K</div>",95,429,379
114,  Metropolis,8.2,1927,https://www.imdb.com/title/tt0017136/?pf_rd_m=A2FGELUUNOQJNL&pf_rd_p=1a264172-ae11-42e4-8ef7-7fed1973bb8f&pf_rd_r=FG8NNRWKE00BTF5EYYMY&pf_rd_s=center-1&pf_rd_t=15506&pf_rd_i=top&ref_=chttp_tt_115,"<div class=""sc-bde20123-3 bjjENQ"">179K</div>",98,576,229
115,  L.A. Confidential,8.2,1997,https://www.imdb.com/title/tt0119488/?pf_rd_m=A2FGELUUNOQJNL&pf_rd_p=1a264172-ae11-42e4-8ef7-7fed1973bb8f&pf_rd_r=FG8NNRWKE00BTF5EYYMY&pf_rd_s=center-1&pf_rd_t=15506&pf_rd_i=top&ref_=chttp_tt_116,"<div class=""sc-bde20123-3 bjjENQ"">594K</div>",91,816,146
116,  Die Hard,8.2,1988,https://www.imdb.com/title/tt0095016/?pf_rd_m=A2FGELUUNOQJNL&pf_rd_p=1a264172-ae11-42e4-8ef7-7fed1973bb8f&pf_rd_r=FG8NNRWKE00BTF5EYYMY&pf_rd_s=center-1&pf_rd_t=15506&pf_rd_i=top&ref_=chttp_tt_117,"<div class=""sc-bde20123-3 bjjENQ"">903K</div>",72,1.1K,204
117,  Indiana Jones and the Last Crusade,8.2,1989,https://www.imdb.com/title/tt0097576/?pf_rd_m=A2FGELUUNOQJNL&pf_rd_p=1a264172-ae11-42e4-8ef7-7fed1973bb8f&pf_rd_r=FG8NNRWKE00BTF5EYYMY&pf_rd_s=center-1&pf_rd_t=15506&pf_rd_i=top&ref_=chttp_tt_118,"<div class=""sc-bde20123-3 bjjENQ"">773K</div>",65,688,189
118,  Snatch,8.2,2000,https://www.imdb.com/title/tt0208092/?pf_rd_m=A2FGELUUNOQJNL&pf_rd_p=1a264172-ae11-42e4-8ef7-7fed1973bb8f&pf_rd_r=FG8NNRWKE00BTF5EYYMY&pf_rd_s=center-1&pf_rd_t=15506&pf_rd_i=top&ref_=chttp_tt_119,"<div class=""sc-bde20123-3 bjjENQ"">875K</div>",55,941,173
119,  Taxi Driver,8.2,1976,https://www.imdb.com/title/tt0075314/?pf_rd_m=A2FGELUUNOQJNL&pf_rd_p=1a264172-ae11-42e4-8ef7-7fed1973bb8f&pf_rd_r=FG8NNRWKE00BTF5EYYMY&pf_rd_s=center-1&pf_rd_t=15506&pf_rd_i=top&ref_=chttp_tt_120,"<div class=""sc-bde20123-3 bjjENQ"">866K</div>",94,1.4K,310
120,  Bicycle Thieves,8.2,1948,https://www.imdb.com/title/tt0040522/?pf_rd_m=A2FGELUUNOQJNL&pf_rd_p=1a264172-ae11-42e4-8ef7-7fed1973bb8f&pf_rd_r=FG8NNRWKE00BTF5EYYMY&pf_rd_s=center-1&pf_rd_t=15506&pf_rd_i=top&ref_=chttp_tt_121,"<div class=""sc-bde20123-3 bjjENQ"">168K</div>",0,360,148
121,  Like Stars on Earth,8.2,2007,https://www.imdb.com/title/tt0986264/?pf_rd_m=A2FGELUUNOQJNL&pf_rd_p=1a264172-ae11-42e4-8ef7-7fed1973bb8f&pf_rd_r=FG8NNRWKE00BTF5EYYMY&pf_rd_s=center-1&pf_rd_t=15506&pf_rd_i=top&ref_=chttp_tt_122,"<div class=""sc-bde20123-3 bjjENQ"">198K</div>",0,449,19
122,  1917,8.2,2019,https://www.imdb.com/title/tt8579674/?pf_rd_m=A2FGELUUNOQJNL&pf_rd_p=1a264172-ae11-42e4-8ef7-7fed1973bb8f&pf_rd_r=FG8NNRWKE00BTF5EYYMY&pf_rd_s=center-1&pf_rd_t=15506&pf_rd_i=top&ref_=chttp_tt_123,"<div class=""sc-bde20123-3 bjjENQ"">623K</div>",78,3.4K,526
123,  Dangal,8.2,2016,https://www.imdb.com/title/tt5074352/?pf_rd_m=A2FGELUUNOQJNL&pf_rd_p=1a264172-ae11-42e4-8ef7-7fed1973bb8f&pf_rd_r=FG8NNRWKE00BTF5EYYMY&pf_rd_s=center-1&pf_rd_t=15506&pf_rd_i=top&ref_=chttp_tt_124,"<div class=""sc-bde20123-3 bjjENQ"">198K</div>",0,471,65
124,  Downfall,8.2,2004,https://www.imdb.com/title/tt0363163/?pf_rd_m=A2FGELUUNOQJNL&pf_rd_p=1a264172-ae11-42e4-8ef7-7fed1973bb8f&pf_rd_r=FG8NNRWKE00BTF5EYYMY&pf_rd_s=center-1&pf_rd_t=15506&pf_rd_i=top&ref_=chttp_tt_125,"<div class=""sc-bde20123-3 bjjENQ"">363K</div>",82,690,121
125,  Top Gun: Maverick,8.2,2022,https://www.imdb.com/title/tt1745960/?pf_rd_m=A2FGELUUNOQJNL&pf_rd_p=1a264172-ae11-42e4-8ef7-7fed1973bb8f&pf_rd_r=FG8NNRWKE00BTF5EYYMY&pf_rd_s=center-1&pf_rd_t=15506&pf_rd_i=top&ref_=chttp_tt_126,"<div class=""sc-bde20123-3 bjjENQ"">596K</div>",78,4.2K,427
126,  For a Few Dollars More,8.2,1965,https://www.imdb.com/title/tt0059578/?pf_rd_m=A2FGELUUNOQJNL&pf_rd_p=1a264172-ae11-42e4-8ef7-7fed1973bb8f&pf_rd_r=FG8NNRWKE00BTF5EYYMY&pf_rd_s=center-1&pf_rd_t=15506&pf_rd_i=top&ref_=chttp_tt_127,"<div class=""sc-bde20123-3 bjjENQ"">263K</div>",74,358,112
127,  Batman Begins,8.2,2005,https://www.imdb.com/title/tt0372784/?pf_rd_m=A2FGELUUNOQJNL&pf_rd_p=1a264172-ae11-42e4-8ef7-7fed1973bb8f&pf_rd_r=FG8NNRWKE00BTF5EYYMY&pf_rd_s=center-1&pf_rd_t=15506&pf_rd_i=top&ref_=chttp_tt_128,"<div class=""sc-bde20123-3 bjjENQ"">1.5M</div>",70,3.1K,343
128,  The Kid,8.2,1921,https://www.imdb.com/title/tt0012349/?pf_rd_m=A2FGELUUNOQJNL&pf_rd_p=1a264172-ae11-42e4-8ef7-7fed1973bb8f&pf_rd_r=FG8NNRWKE00BTF5EYYMY&pf_rd_s=center-1&pf_rd_t=15506&pf_rd_i=top&ref_=chttp_tt_129,"<div class=""sc-bde20123-3 bjjENQ"">130K</div>",0,284,118
129,  Some Like It Hot,8.2,1959,https://www.imdb.com/title/tt0053291/?pf_rd_m=A2FGELUUNOQJNL&pf_rd_p=1a264172-ae11-42e4-8ef7-7fed1973bb8f&pf_rd_r=FG8NNRWKE00BTF5EYYMY&pf_rd_s=center-1&pf_rd_t=15506&pf_rd_i=top&ref_=chttp_tt_130,"<div class=""sc-bde20123-3 bjjENQ"">274K</div>",98,505,235
130,  The Father,8.2,2020,https://www.imdb.com/title/tt10272386/?pf_rd_m=A2FGELUUNOQJNL&pf_rd_p=1a264172-ae11-42e4-8ef7-7fed1973bb8f&pf_rd_r=FG8NNRWKE00BTF5EYYMY&pf_rd_s=center-1&pf_rd_t=15506&pf_rd_i=top&ref_=chttp_tt_131,"<div class=""sc-bde20123-3 bjjENQ"">170K</div>",88,1K,324
131,  The Wolf of Wall Street,8.2,2013,https://www.imdb.com/title/tt0993846/?pf_rd_m=A2FGELUUNOQJNL&pf_rd_p=1a264172-ae11-42e4-8ef7-7fed1973bb8f&pf_rd_r=FG8NNRWKE00BTF5EYYMY&pf_rd_s=center-1&pf_rd_t=15506&pf_rd_i=top&ref_=chttp_tt_132,"<div class=""sc-bde20123-3 bjjENQ"">1.5M</div>",75,1.7K,433
132,  All About Eve,8.2,1950,https://www.imdb.com/title/tt0042192/?pf_rd_m=A2FGELUUNOQJNL&pf_rd_p=1a264172-ae11-42e4-8ef7-7fed1973bb8f&pf_rd_r=FG8NNRWKE00BTF5EYYMY&pf_rd_s=center-1&pf_rd_t=15506&pf_rd_i=top&ref_=chttp_tt_133,"<div class=""sc-bde20123-3 bjjENQ"">134K</div>",98,439,144
133,  Green Book,8.2,2018,https://www.imdb.com/title/tt6966692/?pf_rd_m=A2FGELUUNOQJNL&pf_rd_p=1a264172-ae11-42e4-8ef7-7fed1973bb8f&pf_rd_r=FG8NNRWKE00BTF5EYYMY&pf_rd_s=center-1&pf_rd_t=15506&pf_rd_i=top&ref_=chttp_tt_134,"<div class=""sc-bde20123-3 bjjENQ"">521K</div>",69,1.7K,430
134,  Judgment at Nuremberg,8.2,1961,https://www.imdb.com/title/tt0055031/?pf_rd_m=A2FGELUUNOQJNL&pf_rd_p=1a264172-ae11-42e4-8ef7-7fed1973bb8f&pf_rd_r=FG8NNRWKE00BTF5EYYMY&pf_rd_s=center-1&pf_rd_t=15506&pf_rd_i=top&ref_=chttp_tt_135,"<div class=""sc-bde20123-3 bjjENQ"">80K</div>",60,254,108
135,  Ran,8.2,1985,https://www.imdb.com/title/tt0089881/?pf_rd_m=A2FGELUUNOQJNL&pf_rd_p=1a264172-ae11-42e4-8ef7-7fed1973bb8f&pf_rd_r=FG8NNRWKE00BTF5EYYMY&pf_rd_s=center-1&pf_rd_t=15506&pf_rd_i=top&ref_=chttp_tt_136,"<div class=""sc-bde20123-3 bjjENQ"">130K</div>",97,340,172
136,  The Truman Show,8.2,1998,https://www.imdb.com/title/tt0120382/?pf_rd_m=A2FGELUUNOQJNL&pf_rd_p=1a264172-ae11-42e4-8ef7-7fed1973bb8f&pf_rd_r=FG8NNRWKE00BTF5EYYMY&pf_rd_s=center-1&pf_rd_t=15506&pf_rd_i=top&ref_=chttp_tt_137,"<div class=""sc-bde20123-3 bjjENQ"">1.1M</div>",90,1.4K,197
137,  Casino,8.2,1995,https://www.imdb.com/title/tt0112641/?pf_rd_m=A2FGELUUNOQJNL&pf_rd_p=1a264172-ae11-42e4-8ef7-7fed1973bb8f&pf_rd_r=FG8NNRWKE00BTF5EYYMY&pf_rd_s=center-1&pf_rd_t=15506&pf_rd_i=top&ref_=chttp_tt_138,"<div class=""sc-bde20123-3 bjjENQ"">536K</div>",73,749,159
138,  There Will Be Blood,8.2,2007,https://www.imdb.com/title/tt0469494/?pf_rd_m=A2FGELUUNOQJNL&pf_rd_p=1a264172-ae11-42e4-8ef7-7fed1973bb8f&pf_rd_r=FG8NNRWKE00BTF5EYYMY&pf_rd_s=center-1&pf_rd_t=15506&pf_rd_i=top&ref_=chttp_tt_139,"<div class=""sc-bde20123-3 bjjENQ"">603K</div>",93,1.5K,350
139,  Pan's Labyrinth,8.2,2006,https://www.imdb.com/title/tt0457430/?pf_rd_m=A2FGELUUNOQJNL&pf_rd_p=1a264172-ae11-42e4-8ef7-7fed1973bb8f&pf_rd_r=FG8NNRWKE00BTF5EYYMY&pf_rd_s=center-1&pf_rd_t=15506&pf_rd_i=top&ref_=chttp_tt_140,"<div class=""sc-bde20123-3 bjjENQ"">682K</div>",98,1.3K,467
140,  Unforgiven,8.2,1992,https://www.imdb.com/title/tt0105695/?pf_rd_m=A2FGELUUNOQJNL&pf_rd_p=1a264172-ae11-42e4-8ef7-7fed1973bb8f&pf_rd_r=FG8NNRWKE00BTF5EYYMY&pf_rd_s=center-1&pf_rd_t=15506&pf_rd_i=top&ref_=chttp_tt_141,"<div class=""sc-bde20123-3 bjjENQ"">422K</div>",85,708,146
141,  Shutter Island,8.2,2010,https://www.imdb.com/title/tt1130884/?pf_rd_m=A2FGELUUNOQJNL&pf_rd_p=1a264172-ae11-42e4-8ef7-7fed1973bb8f&pf_rd_r=FG8NNRWKE00BTF5EYYMY&pf_rd_s=center-1&pf_rd_t=15506&pf_rd_i=top&ref_=chttp_tt_142,"<div class=""sc-bde20123-3 bjjENQ"">1.4M</div>",63,1.6K,527
142,  The Sixth Sense,8.2,1999,https://www.imdb.com/title/tt0167404/?pf_rd_m=A2FGELUUNOQJNL&pf_rd_p=1a264172-ae11-42e4-8ef7-7fed1973bb8f&pf_rd_r=FG8NNRWKE00BTF5EYYMY&pf_rd_s=center-1&pf_rd_t=15506&pf_rd_i=top&ref_=chttp_tt_143,"<div class=""sc-bde20123-3 bjjENQ"">1M</div>",64,2.3K,266
143,  Jurassic Park,8.2,1993,https://www.imdb.com/title/tt0107290/?pf_rd_m=A2FGELUUNOQJNL&pf_rd_p=1a264172-ae11-42e4-8ef7-7fed1973bb8f&pf_rd_r=FG8NNRWKE00BTF5EYYMY&pf_rd_s=center-1&pf_rd_t=15506&pf_rd_i=top&ref_=chttp_tt_144,"<div class=""sc-bde20123-3 bjjENQ"">1M</div>",68,1.4K,263
144,  A Beautiful Mind,8.2,2001,https://www.imdb.com/title/tt0268978/?pf_rd_m=A2FGELUUNOQJNL&pf_rd_p=1a264172-ae11-42e4-8ef7-7fed1973bb8f&pf_rd_r=FG8NNRWKE00BTF5EYYMY&pf_rd_s=center-1&pf_rd_t=15506&pf_rd_i=top&ref_=chttp_tt_145,"<div class=""sc-bde20123-3 bjjENQ"">952K</div>",72,1.4K,161
145,  Yojimbo,8.1,1961,https://www.imdb.com/title/tt0055630/?pf_rd_m=A2FGELUUNOQJNL&pf_rd_p=1a264172-ae11-42e4-8ef7-7fed1973bb8f&pf_rd_r=FG8NNRWKE00BTF5EYYMY&pf_rd_s=center-1&pf_rd_t=15506&pf_rd_i=top&ref_=chttp_tt_146,"<div class=""sc-bde20123-3 bjjENQ"">126K</div>",93,238,144
146,  The Treasure of the Sierra Madre,8.1,1948,https://www.imdb.com/title/tt0040897/?pf_rd_m=A2FGELUUNOQJNL&pf_rd_p=1a264172-ae11-42e4-8ef7-7fed1973bb8f&pf_rd_r=FG8NNRWKE00BTF5EYYMY&pf_rd_s=center-1&pf_rd_t=15506&pf_rd_i=top&ref_=chttp_tt_147,"<div class=""sc-bde20123-3 bjjENQ"">128K</div>",98,324,115
147,  Monty Python and the Holy Grail,8.1,1975,https://www.imdb.com/title/tt0071853/?pf_rd_m=A2FGELUUNOQJNL&pf_rd_p=1a264172-ae11-42e4-8ef7-7fed1973bb8f&pf_rd_r=FG8NNRWKE00BTF5EYYMY&pf_rd_s=center-1&pf_rd_t=15506&pf_rd_i=top&ref_=chttp_tt_148,"<div class=""sc-bde20123-3 bjjENQ"">553K</div>",91,856,123
148,  No Country for Old Men,8.1,2007,https://www.imdb.com/title/tt0477348/?pf_rd_m=A2FGELUUNOQJNL&pf_rd_p=1a264172-ae11-42e4-8ef7-7fed1973bb8f&pf_rd_r=FG8NNRWKE00BTF5EYYMY&pf_rd_s=center-1&pf_rd_t=15506&pf_rd_i=top&ref_=chttp_tt_149,"<div class=""sc-bde20123-3 bjjENQ"">1M</div>",92,2.1K,534
149,  Kill Bill: Vol. 1,8.1,2003,https://www.imdb.com/title/tt0266697/?pf_rd_m=A2FGELUUNOQJNL&pf_rd_p=1a264172-ae11-42e4-8ef7-7fed1973bb8f&pf_rd_r=FG8NNRWKE00BTF5EYYMY&pf_rd_s=center-1&pf_rd_t=15506&pf_rd_i=top&ref_=chttp_tt_150,"<div class=""sc-bde20123-3 bjjENQ"">1.1M</div>",69,2.4K,336
150,  The Great Escape,8.1,1963,https://www.imdb.com/title/tt0057115/?pf_rd_m=A2FGELUUNOQJNL&pf_rd_p=1a264172-ae11-42e4-8ef7-7fed1973bb8f&pf_rd_r=FG8NNRWKE00BTF5EYYMY&pf_rd_s=center-1&pf_rd_t=15506&pf_rd_i=top&ref_=chttp_tt_151,"<div class=""sc-bde20123-3 bjjENQ"">250K</div>",86,441,126
151,  Rashomon,8.1,1950,https://www.imdb.com/title/tt0042876/?pf_rd_m=A2FGELUUNOQJNL&pf_rd_p=1a264172-ae11-42e4-8ef7-7fed1973bb8f&pf_rd_r=FG8NNRWKE00BTF5EYYMY&pf_rd_s=center-1&pf_rd_t=15506&pf_rd_i=top&ref_=chttp_tt_152,"<div class=""sc-bde20123-3 bjjENQ"">173K</div>",98,407,149
152,  The Thing,8.1,1982,https://www.imdb.com/title/tt0084787/?pf_rd_m=A2FGELUUNOQJNL&pf_rd_p=1a264172-ae11-42e4-8ef7-7fed1973bb8f&pf_rd_r=FG8NNRWKE00BTF5EYYMY&pf_rd_s=center-1&pf_rd_t=15506&pf_rd_i=top&ref_=chttp_tt_153,"<div class=""sc-bde20123-3 bjjENQ"">440K</div>",57,1.3K,388
153,  Finding Nemo,8.1,2003,https://www.imdb.com/title/tt0266543/?pf_rd_m=A2FGELUUNOQJNL&pf_rd_p=1a264172-ae11-42e4-8ef7-7fed1973bb8f&pf_rd_r=FG8NNRWKE00BTF5EYYMY&pf_rd_s=center-1&pf_rd_t=15506&pf_rd_i=top&ref_=chttp_tt_154,"<div class=""sc-bde20123-3 bjjENQ"">1.1M</div>",90,1K,143
154,  Spider-Man: No Way Home,8.1,2021,https://www.imdb.com/title/tt10872600/?pf_rd_m=A2FGELUUNOQJNL&pf_rd_p=1a264172-ae11-42e4-8ef7-7fed1973bb8f&pf_rd_r=FG8NNRWKE00BTF5EYYMY&pf_rd_s=center-1&pf_rd_t=15506&pf_rd_i=top&ref_=chttp_tt_155,"<div class=""sc-bde20123-3 bjjENQ"">803K</div>",71,6.1K,429
155,  The Elephant Man,8.1,1980,https://www.imdb.com/title/tt0080678/?pf_rd_m=A2FGELUUNOQJNL&pf_rd_p=1a264172-ae11-42e4-8ef7-7fed1973bb8f&pf_rd_r=FG8NNRWKE00BTF5EYYMY&pf_rd_s=center-1&pf_rd_t=15506&pf_rd_i=top&ref_=chttp_tt_156,"<div class=""sc-bde20123-3 bjjENQ"">248K</div>",78,482,168
156,  Chinatown,8.1,1974,https://www.imdb.com/title/tt0071315/?pf_rd_m=A2FGELUUNOQJNL&pf_rd_p=1a264172-ae11-42e4-8ef7-7fed1973bb8f&pf_rd_r=FG8NNRWKE00BTF5EYYMY&pf_rd_s=center-1&pf_rd_t=15506&pf_rd_i=top&ref_=chttp_tt_157,"<div class=""sc-bde20123-3 bjjENQ"">335K</div>",92,627,169
157,  Raging Bull,8.1,1980,https://www.imdb.com/title/tt0081398/?pf_rd_m=A2FGELUUNOQJNL&pf_rd_p=1a264172-ae11-42e4-8ef7-7fed1973bb8f&pf_rd_r=FG8NNRWKE00BTF5EYYMY&pf_rd_s=center-1&pf_rd_t=15506&pf_rd_i=top&ref_=chttp_tt_158,"<div class=""sc-bde20123-3 bjjENQ"">364K</div>",90,671,147
158,  V for Vendetta,8.1,2005,https://www.imdb.com/title/tt0434409/?pf_rd_m=A2FGELUUNOQJNL&pf_rd_p=1a264172-ae11-42e4-8ef7-7fed1973bb8f&pf_rd_r=FG8NNRWKE00BTF5EYYMY&pf_rd_s=center-1&pf_rd_t=15506&pf_rd_i=top&ref_=chttp_tt_159,"<div class=""sc-bde20123-3 bjjENQ"">1.1M</div>",62,2.4K,203
159,  Gone with the Wind,8.1,1939,https://www.imdb.com/title/tt0031381/?pf_rd_m=A2FGELUUNOQJNL&pf_rd_p=1a264172-ae11-42e4-8ef7-7fed1973bb8f&pf_rd_r=FG8NNRWKE00BTF5EYYMY&pf_rd_s=center-1&pf_rd_t=15506&pf_rd_i=top&ref_=chttp_tt_160,"<div class=""sc-bde20123-3 bjjENQ"">323K</div>",97,993,139
160,  Dial M for Murder,8.1,1954,https://www.imdb.com/title/tt0046912/?pf_rd_m=A2FGELUUNOQJNL&pf_rd_p=1a264172-ae11-42e4-8ef7-7fed1973bb8f&pf_rd_r=FG8NNRWKE00BTF5EYYMY&pf_rd_s=center-1&pf_rd_t=15506&pf_rd_i=top&ref_=chttp_tt_161,"<div class=""sc-bde20123-3 bjjENQ"">181K</div>",75,421,117
161,  Inside Out,8.1,2015,https://www.imdb.com/title/tt2096673/?pf_rd_m=A2FGELUUNOQJNL&pf_rd_p=1a264172-ae11-42e4-8ef7-7fed1973bb8f&pf_rd_r=FG8NNRWKE00BTF5EYYMY&pf_rd_s=center-1&pf_rd_t=15506&pf_rd_i=top&ref_=chttp_tt_162,"<div class=""sc-bde20123-3 bjjENQ"">739K</div>",94,1.1K,598
162,"  Lock, Stock and Two Smoking Barrels",8.1,1998,https://www.imdb.com/title/tt0120735/?pf_rd_m=A2FGELUUNOQJNL&pf_rd_p=1a264172-ae11-42e4-8ef7-7fed1973bb8f&pf_rd_r=FG8NNRWKE00BTF5EYYMY&pf_rd_s=center-1&pf_rd_t=15506&pf_rd_i=top&ref_=chttp_tt_163,"<div class=""sc-bde20123-3 bjjENQ"">596K</div>",66,649,122
163,  Howl's Moving Castle,8.1,2004,https://www.imdb.com/title/tt0347149/?pf_rd_m=A2FGELUUNOQJNL&pf_rd_p=1a264172-ae11-42e4-8ef7-7fed1973bb8f&pf_rd_r=FG8NNRWKE00BTF5EYYMY&pf_rd_s=center-1&pf_rd_t=15506&pf_rd_i=top&ref_=chttp_tt_164,"<div class=""sc-bde20123-3 bjjENQ"">413K</div>",82,580,243
164,  The Secret in Their Eyes,8.1,2009,https://www.imdb.com/title/tt1305806/?pf_rd_m=A2FGELUUNOQJNL&pf_rd_p=1a264172-ae11-42e4-8ef7-7fed1973bb8f&pf_rd_r=FG8NNRWKE00BTF5EYYMY&pf_rd_s=center-1&pf_rd_t=15506&pf_rd_i=top&ref_=chttp_tt_165,"<div class=""sc-bde20123-3 bjjENQ"">214K</div>",80,348,288
165,  Guardians of the Galaxy Vol. 3,8.1,2023,https://www.imdb.com/title/tt6791350/?pf_rd_m=A2FGELUUNOQJNL&pf_rd_p=1a264172-ae11-42e4-8ef7-7fed1973bb8f&pf_rd_r=FG8NNRWKE00BTF5EYYMY&pf_rd_s=center-1&pf_rd_t=15506&pf_rd_i=top&ref_=chttp_tt_166,"<div class=""sc-bde20123-3 bjjENQ"">170K</div>",64,1K,297
166,"  Three Billboards Outside Ebbing, Missouri",8.1,2017,https://www.imdb.com/title/tt5027774/?pf_rd_m=A2FGELUUNOQJNL&pf_rd_p=1a264172-ae11-42e4-8ef7-7fed1973bb8f&pf_rd_r=FG8NNRWKE00BTF5EYYMY&pf_rd_s=center-1&pf_rd_t=15506&pf_rd_i=top&ref_=chttp_tt_167,"<div class=""sc-bde20123-3 bjjENQ"">527K</div>",88,1.3K,578
167,  Prisoners,8.1,2013,https://www.imdb.com/title/tt1392214/?pf_rd_m=A2FGELUUNOQJNL&pf_rd_p=1a264172-ae11-42e4-8ef7-7fed1973bb8f&pf_rd_r=FG8NNRWKE00BTF5EYYMY&pf_rd_s=center-1&pf_rd_t=15506&pf_rd_i=top&ref_=chttp_tt_168,"<div class=""sc-bde20123-3 bjjENQ"">749K</div>",70,1.2K,501
168,  Trainspotting,8.1,1996,https://www.imdb.com/title/tt0117951/?pf_rd_m=A2FGELUUNOQJNL&pf_rd_p=1a264172-ae11-42e4-8ef7-7fed1973bb8f&pf_rd_r=FG8NNRWKE00BTF5EYYMY&pf_rd_s=center-1&pf_rd_t=15506&pf_rd_i=top&ref_=chttp_tt_169,"<div class=""sc-bde20123-3 bjjENQ"">702K</div>",83,713,159
169,  The Bridge on the River Kwai,8.1,1957,https://www.imdb.com/title/tt0050212/?pf_rd_m=A2FGELUUNOQJNL&pf_rd_p=1a264172-ae11-42e4-8ef7-7fed1973bb8f&pf_rd_r=FG8NNRWKE00BTF5EYYMY&pf_rd_s=center-1&pf_rd_t=15506&pf_rd_i=top&ref_=chttp_tt_170,"<div class=""sc-bde20123-3 bjjENQ"">226K</div>",87,389,113
170,  Fargo,8.1,1996,https://www.imdb.com/title/tt0116282/?pf_rd_m=A2FGELUUNOQJNL&pf_rd_p=1a264172-ae11-42e4-8ef7-7fed1973bb8f&pf_rd_r=FG8NNRWKE00BTF5EYYMY&pf_rd_s=center-1&pf_rd_t=15506&pf_rd_i=top&ref_=chttp_tt_171,"<div class=""sc-bde20123-3 bjjENQ"">694K</div>",86,1.1K,238
171,  Warrior,8.1,2011,https://www.imdb.com/title/tt1291584/?pf_rd_m=A2FGELUUNOQJNL&pf_rd_p=1a264172-ae11-42e4-8ef7-7fed1973bb8f&pf_rd_r=FG8NNRWKE00BTF5EYYMY&pf_rd_s=center-1&pf_rd_t=15506&pf_rd_i=top&ref_=chttp_tt_172,"<div class=""sc-bde20123-3 bjjENQ"">482K</div>",71,826,338
172,  Gran Torino,8.1,2008,https://www.imdb.com/title/tt1205489/?pf_rd_m=A2FGELUUNOQJNL&pf_rd_p=1a264172-ae11-42e4-8ef7-7fed1973bb8f&pf_rd_r=FG8NNRWKE00BTF5EYYMY&pf_rd_s=center-1&pf_rd_t=15506&pf_rd_i=top&ref_=chttp_tt_173,"<div class=""sc-bde20123-3 bjjENQ"">791K</div>",72,1.1K,370
173,  Catch Me If You Can,8.1,2002,https://www.imdb.com/title/tt0264464/?pf_rd_m=A2FGELUUNOQJNL&pf_rd_p=1a264172-ae11-42e4-8ef7-7fed1973bb8f&pf_rd_r=FG8NNRWKE00BTF5EYYMY&pf_rd_s=center-1&pf_rd_t=15506&pf_rd_i=top&ref_=chttp_tt_174,"<div class=""sc-bde20123-3 bjjENQ"">1M</div>",75,1K,203
174,  My Neighbor Totoro,8.1,1988,https://www.imdb.com/title/tt0096283/?pf_rd_m=A2FGELUUNOQJNL&pf_rd_p=1a264172-ae11-42e4-8ef7-7fed1973bb8f&pf_rd_r=FG8NNRWKE00BTF5EYYMY&pf_rd_s=center-1&pf_rd_t=15506&pf_rd_i=top&ref_=chttp_tt_175,"<div class=""sc-bde20123-3 bjjENQ"">354K</div>",86,579,149
175,  Million Dollar Baby,8.1,2004,https://www.imdb.com/title/tt0405159/?pf_rd_m=A2FGELUUNOQJNL&pf_rd_p=1a264172-ae11-42e4-8ef7-7fed1973bb8f&pf_rd_r=FG8NNRWKE00BTF5EYYMY&pf_rd_s=center-1&pf_rd_t=15506&pf_rd_i=top&ref_=chttp_tt_176,"<div class=""sc-bde20123-3 bjjENQ"">701K</div>",86,1.3K,266
176,  Children of Heaven,8.1,1997,https://www.imdb.com/title/tt0118849/?pf_rd_m=A2FGELUUNOQJNL&pf_rd_p=1a264172-ae11-42e4-8ef7-7fed1973bb8f&pf_rd_r=FG8NNRWKE00BTF5EYYMY&pf_rd_s=center-1&pf_rd_t=15506&pf_rd_i=top&ref_=chttp_tt_177,"<div class=""sc-bde20123-3 bjjENQ"">77K</div>",77,206,65
177,  The Gold Rush,8.1,1925,https://www.imdb.com/title/tt0015864/?pf_rd_m=A2FGELUUNOQJNL&pf_rd_p=1a264172-ae11-42e4-8ef7-7fed1973bb8f&pf_rd_r=FG8NNRWKE00BTF5EYYMY&pf_rd_s=center-1&pf_rd_t=15506&pf_rd_i=top&ref_=chttp_tt_178,"<div class=""sc-bde20123-3 bjjENQ"">114K</div>",0,274,130
178,  Blade Runner,8.1,1982,https://www.imdb.com/title/tt0083658/?pf_rd_m=A2FGELUUNOQJNL&pf_rd_p=1a264172-ae11-42e4-8ef7-7fed1973bb8f&pf_rd_r=FG8NNRWKE00BTF5EYYMY&pf_rd_s=center-1&pf_rd_t=15506&pf_rd_i=top&ref_=chttp_tt_179,"<div class=""sc-bde20123-3 bjjENQ"">789K</div>",84,1.7K,296
179,  Klaus,8.1,2019,https://www.imdb.com/title/tt4729430/?pf_rd_m=A2FGELUUNOQJNL&pf_rd_p=1a264172-ae11-42e4-8ef7-7fed1973bb8f&pf_rd_r=FG8NNRWKE00BTF5EYYMY&pf_rd_s=center-1&pf_rd_t=15506&pf_rd_i=top&ref_=chttp_tt_180,"<div class=""sc-bde20123-3 bjjENQ"">167K</div>",65,833,120
180,  Harry Potter and the Deathly Hallows: Part 2,8.1,2011,https://www.imdb.com/title/tt1201607/?pf_rd_m=A2FGELUUNOQJNL&pf_rd_p=1a264172-ae11-42e4-8ef7-7fed1973bb8f&pf_rd_r=FG8NNRWKE00BTF5EYYMY&pf_rd_s=center-1&pf_rd_t=15506&pf_rd_i=top&ref_=chttp_tt_181,"<div class=""sc-bde20123-3 bjjENQ"">903K</div>",85,1.1K,496
181,  12 Years a Slave,8.1,2013,https://www.imdb.com/title/tt2024544/?pf_rd_m=A2FGELUUNOQJNL&pf_rd_p=1a264172-ae11-42e4-8ef7-7fed1973bb8f&pf_rd_r=FG8NNRWKE00BTF5EYYMY&pf_rd_s=center-1&pf_rd_t=15506&pf_rd_i=top&ref_=chttp_tt_182,"<div class=""sc-bde20123-3 bjjENQ"">717K</div>",96,982,493
182,  Before Sunrise,8.1,1995,https://www.imdb.com/title/tt0112471/?pf_rd_m=A2FGELUUNOQJNL&pf_rd_p=1a264172-ae11-42e4-8ef7-7fed1973bb8f&pf_rd_r=FG8NNRWKE00BTF5EYYMY&pf_rd_s=center-1&pf_rd_t=15506&pf_rd_i=top&ref_=chttp_tt_183,"<div class=""sc-bde20123-3 bjjENQ"">321K</div>",77,610,161
183,  The Grand Budapest Hotel,8.1,2014,https://www.imdb.com/title/tt2278388/?pf_rd_m=A2FGELUUNOQJNL&pf_rd_p=1a264172-ae11-42e4-8ef7-7fed1973bb8f&pf_rd_r=FG8NNRWKE00BTF5EYYMY&pf_rd_s=center-1&pf_rd_t=15506&pf_rd_i=top&ref_=chttp_tt_184,"<div class=""sc-bde20123-3 bjjENQ"">841K</div>",88,1K,583
184,  Ben-Hur,8.1,1959,https://www.imdb.com/title/tt0052618/?pf_rd_m=A2FGELUUNOQJNL&pf_rd_p=1a264172-ae11-42e4-8ef7-7fed1973bb8f&pf_rd_r=FG8NNRWKE00BTF5EYYMY&pf_rd_s=center-1&pf_rd_t=15506&pf_rd_i=top&ref_=chttp_tt_185,"<div class=""sc-bde20123-3 bjjENQ"">246K</div>",90,503,88
185,  On the Waterfront,8.1,1954,https://www.imdb.com/title/tt0047296/?pf_rd_m=A2FGELUUNOQJNL&pf_rd_p=1a264172-ae11-42e4-8ef7-7fed1973bb8f&pf_rd_r=FG8NNRWKE00BTF5EYYMY&pf_rd_s=center-1&pf_rd_t=15506&pf_rd_i=top&ref_=chttp_tt_186,"<div class=""sc-bde20123-3 bjjENQ"">159K</div>",91,391,169
186,  Gone Girl,8.1,2014,https://www.imdb.com/title/tt2267998/?pf_rd_m=A2FGELUUNOQJNL&pf_rd_p=1a264172-ae11-42e4-8ef7-7fed1973bb8f&pf_rd_r=FG8NNRWKE00BTF5EYYMY&pf_rd_s=center-1&pf_rd_t=15506&pf_rd_i=top&ref_=chttp_tt_187,"<div class=""sc-bde20123-3 bjjENQ"">1M</div>",79,1.7K,639
187,  Barry Lyndon,8.1,1975,https://www.imdb.com/title/tt0072684/?pf_rd_m=A2FGELUUNOQJNL&pf_rd_p=1a264172-ae11-42e4-8ef7-7fed1973bb8f&pf_rd_r=FG8NNRWKE00BTF5EYYMY&pf_rd_s=center-1&pf_rd_t=15506&pf_rd_i=top&ref_=chttp_tt_188,"<div class=""sc-bde20123-3 bjjENQ"">174K</div>",89,540,111
188,  The General,8.1,1926,https://www.imdb.com/title/tt0017925/?pf_rd_m=A2FGELUUNOQJNL&pf_rd_p=1a264172-ae11-42e4-8ef7-7fed1973bb8f&pf_rd_r=FG8NNRWKE00BTF5EYYMY&pf_rd_s=center-1&pf_rd_t=15506&pf_rd_i=top&ref_=chttp_tt_189,"<div class=""sc-bde20123-3 bjjENQ"">94K</div>",0,347,124
189,  Wild Strawberries,8.1,1957,https://www.imdb.com/title/tt0050986/?pf_rd_m=A2FGELUUNOQJNL&pf_rd_p=1a264172-ae11-42e4-8ef7-7fed1973bb8f&pf_rd_r=FG8NNRWKE00BTF5EYYMY&pf_rd_s=center-1&pf_rd_t=15506&pf_rd_i=top&ref_=chttp_tt_190,"<div class=""sc-bde20123-3 bjjENQ"">110K</div>",88,221,113
190,  In the Name of the Father,8.1,1993,https://www.imdb.com/title/tt0107207/?pf_rd_m=A2FGELUUNOQJNL&pf_rd_p=1a264172-ae11-42e4-8ef7-7fed1973bb8f&pf_rd_r=FG8NNRWKE00BTF5EYYMY&pf_rd_s=center-1&pf_rd_t=15506&pf_rd_i=top&ref_=chttp_tt_191,"<div class=""sc-bde20123-3 bjjENQ"">180K</div>",84,226,67
191,  The Deer Hunter,8.1,1978,https://www.imdb.com/title/tt0077416/?pf_rd_m=A2FGELUUNOQJNL&pf_rd_p=1a264172-ae11-42e4-8ef7-7fed1973bb8f&pf_rd_r=FG8NNRWKE00BTF5EYYMY&pf_rd_s=center-1&pf_rd_t=15506&pf_rd_i=top&ref_=chttp_tt_192,"<div class=""sc-bde20123-3 bjjENQ"">347K</div>",86,1.2K,150
192,  Hacksaw Ridge,8.1,2016,https://www.imdb.com/title/tt2119532/?pf_rd_m=A2FGELUUNOQJNL&pf_rd_p=1a264172-ae11-42e4-8ef7-7fed1973bb8f&pf_rd_r=FG8NNRWKE00BTF5EYYMY&pf_rd_s=center-1&pf_rd_t=15506&pf_rd_i=top&ref_=chttp_tt_193,"<div class=""sc-bde20123-3 bjjENQ"">552K</div>",71,1.1K,485
193,  The Third Man,8.1,1949,https://www.imdb.com/title/tt0041959/?pf_rd_m=A2FGELUUNOQJNL&pf_rd_p=1a264172-ae11-42e4-8ef7-7fed1973bb8f&pf_rd_r=FG8NNRWKE00BTF5EYYMY&pf_rd_s=center-1&pf_rd_t=15506&pf_rd_i=top&ref_=chttp_tt_194,"<div class=""sc-bde20123-3 bjjENQ"">176K</div>",97,536,217
194,  The Wages of Fear,8.1,1953,https://www.imdb.com/title/tt0046268/?pf_rd_m=A2FGELUUNOQJNL&pf_rd_p=1a264172-ae11-42e4-8ef7-7fed1973bb8f&pf_rd_r=FG8NNRWKE00BTF5EYYMY&pf_rd_s=center-1&pf_rd_t=15506&pf_rd_i=top&ref_=chttp_tt_195,"<div class=""sc-bde20123-3 bjjENQ"">63K</div>",85,196,148
195,  Memories of Murder,8.1,2003,https://www.imdb.com/title/tt0353969/?pf_rd_m=A2FGELUUNOQJNL&pf_rd_p=1a264172-ae11-42e4-8ef7-7fed1973bb8f&pf_rd_r=FG8NNRWKE00BTF5EYYMY&pf_rd_s=center-1&pf_rd_t=15506&pf_rd_i=top&ref_=chttp_tt_196,"<div class=""sc-bde20123-3 bjjENQ"">197K</div>",82,402,179
196,  Sherlock Jr.,8.1,1924,https://www.imdb.com/title/tt0015324/?pf_rd_m=A2FGELUUNOQJNL&pf_rd_p=1a264172-ae11-42e4-8ef7-7fed1973bb8f&pf_rd_r=FG8NNRWKE00BTF5EYYMY&pf_rd_s=center-1&pf_rd_t=15506&pf_rd_i=top&ref_=chttp_tt_197,"<div class=""sc-bde20123-3 bjjENQ"">53K</div>",0,382,73
197,  Wild Tales,8.1,2014,https://www.imdb.com/title/tt3011894/?pf_rd_m=A2FGELUUNOQJNL&pf_rd_p=1a264172-ae11-42e4-8ef7-7fed1973bb8f&pf_rd_r=FG8NNRWKE00BTF5EYYMY&pf_rd_s=center-1&pf_rd_t=15506&pf_rd_i=top&ref_=chttp_tt_198,"<div class=""sc-bde20123-3 bjjENQ"">206K</div>",77,282,321
198,  Mr. Smith Goes to Washington,8.1,1939,https://www.imdb.com/title/tt0031679/?pf_rd_m=A2FGELUUNOQJNL&pf_rd_p=1a264172-ae11-42e4-8ef7-7fed1973bb8f&pf_rd_r=FG8NNRWKE00BTF5EYYMY&pf_rd_s=center-1&pf_rd_t=15506&pf_rd_i=top&ref_=chttp_tt_199,"<div class=""sc-bde20123-3 bjjENQ"">118K</div>",73,341,100
199,  Mad Max: Fury Road,8.1,2015,https://www.imdb.com/title/tt1392190/?pf_rd_m=A2FGELUUNOQJNL&pf_rd_p=1a264172-ae11-42e4-8ef7-7fed1973bb8f&pf_rd_r=FG8NNRWKE00BTF5EYYMY&pf_rd_s=center-1&pf_rd_t=15506&pf_rd_i=top&ref_=chttp_tt_200,"<div class=""sc-bde20123-3 bjjENQ"">1M</div>",90,2.3K,843
200,  Mary and Max,8.1,2009,https://www.imdb.com/title/tt0978762/?pf_rd_m=A2FGELUUNOQJNL&pf_rd_p=1a264172-ae11-42e4-8ef7-7fed1973bb8f&pf_rd_r=FG8NNRWKE00BTF5EYYMY&pf_rd_s=center-1&pf_rd_t=15506&pf_rd_i=top&ref_=chttp_tt_201,"<div class=""sc-bde20123-3 bjjENQ"">181K</div>",0,259,185
201,  Dead Poets Society,8.1,1989,https://www.imdb.com/title/tt0097165/?pf_rd_m=A2FGELUUNOQJNL&pf_rd_p=1a264172-ae11-42e4-8ef7-7fed1973bb8f&pf_rd_r=FG8NNRWKE00BTF5EYYMY&pf_rd_s=center-1&pf_rd_t=15506&pf_rd_i=top&ref_=chttp_tt_202,"<div class=""sc-bde20123-3 bjjENQ"">511K</div>",79,777,121
202,  How to Train Your Dragon,8.1,2010,https://www.imdb.com/title/tt0892769/?pf_rd_m=A2FGELUUNOQJNL&pf_rd_p=1a264172-ae11-42e4-8ef7-7fed1973bb8f&pf_rd_r=FG8NNRWKE00BTF5EYYMY&pf_rd_s=center-1&pf_rd_t=15506&pf_rd_i=top&ref_=chttp_tt_203,"<div class=""sc-bde20123-3 bjjENQ"">763K</div>",75,727,194
203,"  Monsters, Inc.",8.1,2001,https://www.imdb.com/title/tt0198781/?pf_rd_m=A2FGELUUNOQJNL&pf_rd_p=1a264172-ae11-42e4-8ef7-7fed1973bb8f&pf_rd_r=FG8NNRWKE00BTF5EYYMY&pf_rd_s=center-1&pf_rd_t=15506&pf_rd_i=top&ref_=chttp_tt_204,"<div class=""sc-bde20123-3 bjjENQ"">934K</div>",79,778,247
204,  The Seventh Seal,8.1,1957,https://www.imdb.com/title/tt0050976/?pf_rd_m=A2FGELUUNOQJNL&pf_rd_p=1a264172-ae11-42e4-8ef7-7fed1973bb8f&pf_rd_r=FG8NNRWKE00BTF5EYYMY&pf_rd_s=center-1&pf_rd_t=15506&pf_rd_i=top&ref_=chttp_tt_205,"<div class=""sc-bde20123-3 bjjENQ"">190K</div>",88,404,132
205,  Jaws,8.1,1975,https://www.imdb.com/title/tt0073195/?pf_rd_m=A2FGELUUNOQJNL&pf_rd_p=1a264172-ae11-42e4-8ef7-7fed1973bb8f&pf_rd_r=FG8NNRWKE00BTF5EYYMY&pf_rd_s=center-1&pf_rd_t=15506&pf_rd_i=top&ref_=chttp_tt_206,"<div class=""sc-bde20123-3 bjjENQ"">626K</div>",87,1.4K,304
206,  Room,8.1,2015,https://www.imdb.com/title/tt3170832/?pf_rd_m=A2FGELUUNOQJNL&pf_rd_p=1a264172-ae11-42e4-8ef7-7fed1973bb8f&pf_rd_r=FG8NNRWKE00BTF5EYYMY&pf_rd_s=center-1&pf_rd_t=15506&pf_rd_i=top&ref_=chttp_tt_207,"<div class=""sc-bde20123-3 bjjENQ"">433K</div>",86,808,489
207,  The Big Lebowski,8.1,1998,https://www.imdb.com/title/tt0118715/?pf_rd_m=A2FGELUUNOQJNL&pf_rd_p=1a264172-ae11-42e4-8ef7-7fed1973bb8f&pf_rd_r=FG8NNRWKE00BTF5EYYMY&pf_rd_s=center-1&pf_rd_t=15506&pf_rd_i=top&ref_=chttp_tt_208,"<div class=""sc-bde20123-3 bjjENQ"">828K</div>",71,1.4K,209
208,  Tokyo Story,8.1,1953,https://www.imdb.com/title/tt0046438/?pf_rd_m=A2FGELUUNOQJNL&pf_rd_p=1a264172-ae11-42e4-8ef7-7fed1973bb8f&pf_rd_r=FG8NNRWKE00BTF5EYYMY&pf_rd_s=center-1&pf_rd_t=15506&pf_rd_i=top&ref_=chttp_tt_209,"<div class=""sc-bde20123-3 bjjENQ"">64K</div>",100,204,106
209,  Ford v Ferrari,8.1,2019,https://www.imdb.com/title/tt1950186/?pf_rd_m=A2FGELUUNOQJNL&pf_rd_p=1a264172-ae11-42e4-8ef7-7fed1973bb8f&pf_rd_r=FG8NNRWKE00BTF5EYYMY&pf_rd_s=center-1&pf_rd_t=15506&pf_rd_i=top&ref_=chttp_tt_210,"<div class=""sc-bde20123-3 bjjENQ"">421K</div>",81,1.6K,362
210,  The Passion of Joan of Arc,8.0,1928,https://www.imdb.com/title/tt0019254/?pf_rd_m=A2FGELUUNOQJNL&pf_rd_p=1a264172-ae11-42e4-8ef7-7fed1973bb8f&pf_rd_r=FG8NNRWKE00BTF5EYYMY&pf_rd_s=center-1&pf_rd_t=15506&pf_rd_i=top&ref_=chttp_tt_211,"<div class=""sc-bde20123-3 bjjENQ"">57K</div>",98,237,139
211,  Hotel Rwanda,8.0,2004,https://www.imdb.com/title/tt0395169/?pf_rd_m=A2FGELUUNOQJNL&pf_rd_p=1a264172-ae11-42e4-8ef7-7fed1973bb8f&pf_rd_r=FG8NNRWKE00BTF5EYYMY&pf_rd_s=center-1&pf_rd_t=15506&pf_rd_i=top&ref_=chttp_tt_212,"<div class=""sc-bde20123-3 bjjENQ"">362K</div>",79,713,159
212,  Rocky,8.0,1976,https://www.imdb.com/title/tt0075148/?pf_rd_m=A2FGELUUNOQJNL&pf_rd_p=1a264172-ae11-42e4-8ef7-7fed1973bb8f&pf_rd_r=FG8NNRWKE00BTF5EYYMY&pf_rd_s=center-1&pf_rd_t=15506&pf_rd_i=top&ref_=chttp_tt_213,"<div class=""sc-bde20123-3 bjjENQ"">600K</div>",70,822,154
213,  Ratatouille,8.0,2007,https://www.imdb.com/title/tt0382932/?pf_rd_m=A2FGELUUNOQJNL&pf_rd_p=1a264172-ae11-42e4-8ef7-7fed1973bb8f&pf_rd_r=FG8NNRWKE00BTF5EYYMY&pf_rd_s=center-1&pf_rd_t=15506&pf_rd_i=top&ref_=chttp_tt_214,"<div class=""sc-bde20123-3 bjjENQ"">769K</div>",96,879,308
214,  Platoon,8.0,1986,https://www.imdb.com/title/tt0091763/?pf_rd_m=A2FGELUUNOQJNL&pf_rd_p=1a264172-ae11-42e4-8ef7-7fed1973bb8f&pf_rd_r=FG8NNRWKE00BTF5EYYMY&pf_rd_s=center-1&pf_rd_t=15506&pf_rd_i=top&ref_=chttp_tt_215,"<div class=""sc-bde20123-3 bjjENQ"">424K</div>",92,681,139
215,  Spotlight,8.0,2015,https://www.imdb.com/title/tt1895587/?pf_rd_m=A2FGELUUNOQJNL&pf_rd_p=1a264172-ae11-42e4-8ef7-7fed1973bb8f&pf_rd_r=FG8NNRWKE00BTF5EYYMY&pf_rd_s=center-1&pf_rd_t=15506&pf_rd_i=top&ref_=chttp_tt_216,"<div class=""sc-bde20123-3 bjjENQ"">483K</div>",93,702,524
216,  Logan,8.0,2017,https://www.imdb.com/title/tt3315342/?pf_rd_m=A2FGELUUNOQJNL&pf_rd_p=1a264172-ae11-42e4-8ef7-7fed1973bb8f&pf_rd_r=FG8NNRWKE00BTF5EYYMY&pf_rd_s=center-1&pf_rd_t=15506&pf_rd_i=top&ref_=chttp_tt_217,"<div class=""sc-bde20123-3 bjjENQ"">790K</div>",77,1.7K,646
217,  The Terminator,8.0,1984,https://www.imdb.com/title/tt0088247/?pf_rd_m=A2FGELUUNOQJNL&pf_rd_p=1a264172-ae11-42e4-8ef7-7fed1973bb8f&pf_rd_r=FG8NNRWKE00BTF5EYYMY&pf_rd_s=center-1&pf_rd_t=15506&pf_rd_i=top&ref_=chttp_tt_218,"<div class=""sc-bde20123-3 bjjENQ"">887K</div>",84,1K,256
218,  Jai Bhim,8.0,2021,https://www.imdb.com/title/tt15097216/?pf_rd_m=A2FGELUUNOQJNL&pf_rd_p=1a264172-ae11-42e4-8ef7-7fed1973bb8f&pf_rd_r=FG8NNRWKE00BTF5EYYMY&pf_rd_s=center-1&pf_rd_t=15506&pf_rd_i=top&ref_=chttp_tt_219,"<div class=""sc-bde20123-3 bjjENQ"">207K</div>",0,3.4K,23
219,  Rush,8.0,2013,https://www.imdb.com/title/tt1979320/?pf_rd_m=A2FGELUUNOQJNL&pf_rd_p=1a264172-ae11-42e4-8ef7-7fed1973bb8f&pf_rd_r=FG8NNRWKE00BTF5EYYMY&pf_rd_s=center-1&pf_rd_t=15506&pf_rd_i=top&ref_=chttp_tt_220,"<div class=""sc-bde20123-3 bjjENQ"">492K</div>",74,657,426
220,  Stand by Me,8.0,1986,https://www.imdb.com/title/tt0092005/?pf_rd_m=A2FGELUUNOQJNL&pf_rd_p=1a264172-ae11-42e4-8ef7-7fed1973bb8f&pf_rd_r=FG8NNRWKE00BTF5EYYMY&pf_rd_s=center-1&pf_rd_t=15506&pf_rd_i=top&ref_=chttp_tt_221,"<div class=""sc-bde20123-3 bjjENQ"">418K</div>",75,799,140
221,  Before Sunset,8.0,2004,https://www.imdb.com/title/tt0381681/?pf_rd_m=A2FGELUUNOQJNL&pf_rd_p=1a264172-ae11-42e4-8ef7-7fed1973bb8f&pf_rd_r=FG8NNRWKE00BTF5EYYMY&pf_rd_s=center-1&pf_rd_t=15506&pf_rd_i=top&ref_=chttp_tt_222,"<div class=""sc-bde20123-3 bjjENQ"">274K</div>",91,605,235
222,  Network,8.0,1976,https://www.imdb.com/title/tt0074958/?pf_rd_m=A2FGELUUNOQJNL&pf_rd_p=1a264172-ae11-42e4-8ef7-7fed1973bb8f&pf_rd_r=FG8NNRWKE00BTF5EYYMY&pf_rd_s=center-1&pf_rd_t=15506&pf_rd_i=top&ref_=chttp_tt_223,"<div class=""sc-bde20123-3 bjjENQ"">164K</div>",83,440,187
223,  Into the Wild,8.0,2007,https://www.imdb.com/title/tt0758758/?pf_rd_m=A2FGELUUNOQJNL&pf_rd_p=1a264172-ae11-42e4-8ef7-7fed1973bb8f&pf_rd_r=FG8NNRWKE00BTF5EYYMY&pf_rd_s=center-1&pf_rd_t=15506&pf_rd_i=top&ref_=chttp_tt_224,"<div class=""sc-bde20123-3 bjjENQ"">636K</div>",73,1.1K,254
224,  The Wizard of Oz,8.0,1939,https://www.imdb.com/title/tt0032138/?pf_rd_m=A2FGELUUNOQJNL&pf_rd_p=1a264172-ae11-42e4-8ef7-7fed1973bb8f&pf_rd_r=FG8NNRWKE00BTF5EYYMY&pf_rd_s=center-1&pf_rd_t=15506&pf_rd_i=top&ref_=chttp_tt_225,"<div class=""sc-bde20123-3 bjjENQ"">411K</div>",92,807,159
225,  The Best Years of Our Lives,8.0,1946,https://www.imdb.com/title/tt0036868/?pf_rd_m=A2FGELUUNOQJNL&pf_rd_p=1a264172-ae11-42e4-8ef7-7fed1973bb8f&pf_rd_r=FG8NNRWKE00BTF5EYYMY&pf_rd_s=center-1&pf_rd_t=15506&pf_rd_i=top&ref_=chttp_tt_226,"<div class=""sc-bde20123-3 bjjENQ"">67K</div>",93,351,117
226,  The Exorcist,8.0,1973,https://www.imdb.com/title/tt0070047/?pf_rd_m=A2FGELUUNOQJNL&pf_rd_p=1a264172-ae11-42e4-8ef7-7fed1973bb8f&pf_rd_r=FG8NNRWKE00BTF5EYYMY&pf_rd_s=center-1&pf_rd_t=15506&pf_rd_i=top&ref_=chttp_tt_227,"<div class=""sc-bde20123-3 bjjENQ"">422K</div>",81,1.4K,239
227,  La haine,8.0,1995,https://www.imdb.com/title/tt0113247/?pf_rd_m=A2FGELUUNOQJNL&pf_rd_p=1a264172-ae11-42e4-8ef7-7fed1973bb8f&pf_rd_r=FG8NNRWKE00BTF5EYYMY&pf_rd_s=center-1&pf_rd_t=15506&pf_rd_i=top&ref_=chttp_tt_228,"<div class=""sc-bde20123-3 bjjENQ"">182K</div>",0,262,94
228,  The Incredibles,8.0,2004,https://www.imdb.com/title/tt0317705/?pf_rd_m=A2FGELUUNOQJNL&pf_rd_p=1a264172-ae11-42e4-8ef7-7fed1973bb8f&pf_rd_r=FG8NNRWKE00BTF5EYYMY&pf_rd_s=center-1&pf_rd_t=15506&pf_rd_i=top&ref_=chttp_tt_229,"<div class=""sc-bde20123-3 bjjENQ"">764K</div>",90,1K,241
229,  To Be or Not to Be,8.0,1942,https://www.imdb.com/title/tt0035446/?pf_rd_m=A2FGELUUNOQJNL&pf_rd_p=1a264172-ae11-42e4-8ef7-7fed1973bb8f&pf_rd_r=FG8NNRWKE00BTF5EYYMY&pf_rd_s=center-1&pf_rd_t=15506&pf_rd_i=top&ref_=chttp_tt_230,"<div class=""sc-bde20123-3 bjjENQ"">40K</div>",86,165,67
230,  Groundhog Day,8.0,1993,https://www.imdb.com/title/tt0107048/?pf_rd_m=A2FGELUUNOQJNL&pf_rd_p=1a264172-ae11-42e4-8ef7-7fed1973bb8f&pf_rd_r=FG8NNRWKE00BTF5EYYMY&pf_rd_s=center-1&pf_rd_t=15506&pf_rd_i=top&ref_=chttp_tt_231,"<div class=""sc-bde20123-3 bjjENQ"">652K</div>",72,927,153
231,  Pirates of the Caribbean: The Curse of the Black Pearl,8.0,2003,https://www.imdb.com/title/tt0325980/?pf_rd_m=A2FGELUUNOQJNL&pf_rd_p=1a264172-ae11-42e4-8ef7-7fed1973bb8f&pf_rd_r=FG8NNRWKE00BTF5EYYMY&pf_rd_s=center-1&pf_rd_t=15506&pf_rd_i=top&ref_=chttp_tt_232,"<div class=""sc-bde20123-3 bjjENQ"">1.2M</div>",63,2.3K,185
232,  The Battle of Algiers,8.0,1966,https://www.imdb.com/title/tt0058946/?pf_rd_m=A2FGELUUNOQJNL&pf_rd_p=1a264172-ae11-42e4-8ef7-7fed1973bb8f&pf_rd_r=FG8NNRWKE00BTF5EYYMY&pf_rd_s=center-1&pf_rd_t=15506&pf_rd_i=top&ref_=chttp_tt_233,"<div class=""sc-bde20123-3 bjjENQ"">63K</div>",96,317,146
233,  The Grapes of Wrath,8.0,1940,https://www.imdb.com/title/tt0032551/?pf_rd_m=A2FGELUUNOQJNL&pf_rd_p=1a264172-ae11-42e4-8ef7-7fed1973bb8f&pf_rd_r=FG8NNRWKE00BTF5EYYMY&pf_rd_s=center-1&pf_rd_t=15506&pf_rd_i=top&ref_=chttp_tt_234,"<div class=""sc-bde20123-3 bjjENQ"">96K</div>",96,436,103
234,  My Father and My Son,8.0,2005,https://www.imdb.com/title/tt0476735/?pf_rd_m=A2FGELUUNOQJNL&pf_rd_p=1a264172-ae11-42e4-8ef7-7fed1973bb8f&pf_rd_r=FG8NNRWKE00BTF5EYYMY&pf_rd_s=center-1&pf_rd_t=15506&pf_rd_i=top&ref_=chttp_tt_235,"<div class=""sc-bde20123-3 bjjENQ"">88K</div>",0,141,5
235,  Hachi: A Dog's Tale,8.0,2009,https://www.imdb.com/title/tt1028532/?pf_rd_m=A2FGELUUNOQJNL&pf_rd_p=1a264172-ae11-42e4-8ef7-7fed1973bb8f&pf_rd_r=FG8NNRWKE00BTF5EYYMY&pf_rd_s=center-1&pf_rd_t=15506&pf_rd_i=top&ref_=chttp_tt_236,"<div class=""sc-bde20123-3 bjjENQ"">296K</div>",0,639,99
236,  Pather Panchali,8.0,1955,https://www.imdb.com/title/tt0048473/?pf_rd_m=A2FGELUUNOQJNL&pf_rd_p=1a264172-ae11-42e4-8ef7-7fed1973bb8f&pf_rd_r=FG8NNRWKE00BTF5EYYMY&pf_rd_s=center-1&pf_rd_t=15506&pf_rd_i=top&ref_=chttp_tt_237,"<div class=""sc-bde20123-3 bjjENQ"">35K</div>",0,190,120
237,  The Handmaiden,8.0,2016,https://www.imdb.com/title/tt4016934/?pf_rd_m=A2FGELUUNOQJNL&pf_rd_p=1a264172-ae11-42e4-8ef7-7fed1973bb8f&pf_rd_r=FG8NNRWKE00BTF5EYYMY&pf_rd_s=center-1&pf_rd_t=15506&pf_rd_i=top&ref_=chttp_tt_238,"<div class=""sc-bde20123-3 bjjENQ"">158K</div>",85,341,351
238,  Amores Perros,8.0,2000,https://www.imdb.com/title/tt0245712/?pf_rd_m=A2FGELUUNOQJNL&pf_rd_p=1a264172-ae11-42e4-8ef7-7fed1973bb8f&pf_rd_r=FG8NNRWKE00BTF5EYYMY&pf_rd_s=center-1&pf_rd_t=15506&pf_rd_i=top&ref_=chttp_tt_239,"<div class=""sc-bde20123-3 bjjENQ"">246K</div>",83,424,158
239,  Rebecca,8.0,1940,https://www.imdb.com/title/tt0032976/?pf_rd_m=A2FGELUUNOQJNL&pf_rd_p=1a264172-ae11-42e4-8ef7-7fed1973bb8f&pf_rd_r=FG8NNRWKE00BTF5EYYMY&pf_rd_s=center-1&pf_rd_t=15506&pf_rd_i=top&ref_=chttp_tt_240,"<div class=""sc-bde20123-3 bjjENQ"">141K</div>",86,403,218
240,  Cool Hand Luke,8.0,1967,https://www.imdb.com/title/tt0061512/?pf_rd_m=A2FGELUUNOQJNL&pf_rd_p=1a264172-ae11-42e4-8ef7-7fed1973bb8f&pf_rd_r=FG8NNRWKE00BTF5EYYMY&pf_rd_s=center-1&pf_rd_t=15506&pf_rd_i=top&ref_=chttp_tt_241,"<div class=""sc-bde20123-3 bjjENQ"">182K</div>",92,391,120
241,  The Sound of Music,8.0,1965,https://www.imdb.com/title/tt0059742/?pf_rd_m=A2FGELUUNOQJNL&pf_rd_p=1a264172-ae11-42e4-8ef7-7fed1973bb8f&pf_rd_r=FG8NNRWKE00BTF5EYYMY&pf_rd_s=center-1&pf_rd_t=15506&pf_rd_i=top&ref_=chttp_tt_242,"<div class=""sc-bde20123-3 bjjENQ"">245K</div>",63,546,137
242,  It Happened One Night,8.0,1934,https://www.imdb.com/title/tt0025316/?pf_rd_m=A2FGELUUNOQJNL&pf_rd_p=1a264172-ae11-42e4-8ef7-7fed1973bb8f&pf_rd_r=FG8NNRWKE00BTF5EYYMY&pf_rd_s=center-1&pf_rd_t=15506&pf_rd_i=top&ref_=chttp_tt_243,"<div class=""sc-bde20123-3 bjjENQ"">107K</div>",87,365,125
243,  The 400 Blows,8.0,1959,https://www.imdb.com/title/tt0053198/?pf_rd_m=A2FGELUUNOQJNL&pf_rd_p=1a264172-ae11-42e4-8ef7-7fed1973bb8f&pf_rd_r=FG8NNRWKE00BTF5EYYMY&pf_rd_s=center-1&pf_rd_t=15506&pf_rd_i=top&ref_=chttp_tt_244,"<div class=""sc-bde20123-3 bjjENQ"">122K</div>",0,251,183
244,  Persona,8.0,1966,https://www.imdb.com/title/tt0060827/?pf_rd_m=A2FGELUUNOQJNL&pf_rd_p=1a264172-ae11-42e4-8ef7-7fed1973bb8f&pf_rd_r=FG8NNRWKE00BTF5EYYMY&pf_rd_s=center-1&pf_rd_t=15506&pf_rd_i=top&ref_=chttp_tt_245,"<div class=""sc-bde20123-3 bjjENQ"">124K</div>",86,285,151
245,  The Help,8.0,2011,https://www.imdb.com/title/tt1454029/?pf_rd_m=A2FGELUUNOQJNL&pf_rd_p=1a264172-ae11-42e4-8ef7-7fed1973bb8f&pf_rd_r=FG8NNRWKE00BTF5EYYMY&pf_rd_s=center-1&pf_rd_t=15506&pf_rd_i=top&ref_=chttp_tt_246,"<div class=""sc-bde20123-3 bjjENQ"">473K</div>",62,667,299
246,  Life of Brian,8.0,1979,https://www.imdb.com/title/tt0079470/?pf_rd_m=A2FGELUUNOQJNL&pf_rd_p=1a264172-ae11-42e4-8ef7-7fed1973bb8f&pf_rd_r=FG8NNRWKE00BTF5EYYMY&pf_rd_s=center-1&pf_rd_t=15506&pf_rd_i=top&ref_=chttp_tt_247,"<div class=""sc-bde20123-3 bjjENQ"">409K</div>",77,458,127
247,  The Iron Giant,8.0,1999,https://www.imdb.com/title/tt0129167/?pf_rd_m=A2FGELUUNOQJNL&pf_rd_p=1a264172-ae11-42e4-8ef7-7fed1973bb8f&pf_rd_r=FG8NNRWKE00BTF5EYYMY&pf_rd_s=center-1&pf_rd_t=15506&pf_rd_i=top&ref_=chttp_tt_248,"<div class=""sc-bde20123-3 bjjENQ"">210K</div>",85,635,144
248,  Aladdin,8.0,1992,https://www.imdb.com/title/tt0103639/?pf_rd_m=A2FGELUUNOQJNL&pf_rd_p=1a264172-ae11-42e4-8ef7-7fed1973bb8f&pf_rd_r=FG8NNRWKE00BTF5EYYMY&pf_rd_s=center-1&pf_rd_t=15506&pf_rd_i=top&ref_=chttp_tt_249,"<div class=""sc-bde20123-3 bjjENQ"">438K</div>",86,397,152
249,  Dances with Wolves,8.0,1990,https://www.imdb.com/title/tt0099348/?pf_rd_m=A2FGELUUNOQJNL&pf_rd_p=1a264172-ae11-42e4-8ef7-7fed1973bb8f&pf_rd_r=FG8NNRWKE00BTF5EYYMY&pf_rd_s=center-1&pf_rd_t=15506&pf_rd_i=top&ref_=chttp_tt_250,"<div class=""sc-bde20123-3 bjjENQ"">277K</div>",72,589,96
